,reproductive.mode,Binomial,Genus,Family,female.SVL,hatchling.neonate.SVL,intercept,slope,female_mass,hatchling_mass,largest.clutch,smallest.clutch,largest.mean.clutch.size,smallest.mean.clutch.size,Longitude.centroid..from.Roll.et.al..2017.,Latitude.centroid..from.Roll.et.al..2017.,Activity.time,minimum.mean.Tb,maximum.mean.Tb
Ablepharus_rueppellii,Oviparous,Ablepharus_rueppellii,Ablepharus,Scincidae,35.3,18.5,-5.125,3.229,108.859,54.612,6,1,2.1,1.5,35.28,31.39,Diurnal,29.5,29.5
Acanthocercus_atricollis,Oviparous,Acanthocercus_atricollis,Acanthocercus,Agamidae,113.9,34,-4.686,3.105,348.974,100.884,17,1,11.4,11.4,30.28,-9.53,Diurnal,39.4,40.3
Acanthodactylus_beershebensis,Oviparous,Acanthodactylus_beershebensis,Acanthodactylus,Lacertidae,64.9,25,-4.543,2.951,186.977,69.232,8,3,5,4.8,34.83,31.17,Diurnal,29.4,37.8
Acanthodactylus_boskianus,Oviparous,Acanthodactylus_boskianus,Acanthodactylus,Lacertidae,60.1,26.5,-4.543,2.951,172.812,73.659,8,1,6,2.6,19.84,23.35,Diurnal,33.1,39.2
Acanthodactylus_erythrurus,Oviparous,Acanthodactylus_erythrurus,Acanthodactylus,Lacertidae,68.6,29,-4.543,2.951,197.896,81.036,8,1,4.4,3,-3.2,37.24,Diurnal,31.8,37.8
Acanthodactylus_longipes,Oviparous,Acanthodactylus_longipes,Acanthodactylus,Lacertidae,46.7,23,-4.543,2.951,133.269,63.330,3,2,2.7,2.7,9.67,23.63,Diurnal,34.3,34.3
Acanthodactylus_pardalis,Oviparous,Acanthodactylus_pardalis,Acanthodactylus,Lacertidae,61,30,-4.543,2.951,175.468,83.987,7,2,4.8,2.5,25.1,31.05,Diurnal,32.8,37.8
Acanthodactylus_schreiberi,Oviparous,Acanthodactylus_schreiberi,Acanthodactylus,Lacertidae,69.4,35.8,-4.543,2.951,200.256,101.103,8,1,3,2.6,33.23,35.05,Diurnal,31.4,40.6
Acanthodactylus_scutellatus,Oviparous,Acanthodactylus_scutellatus,Acanthodactylus,Lacertidae,52.6,24.3,-4.543,2.951,150.680,67.166,6,1,3.3,2.5,12.9,23.81,Diurnal,32.7,39.3
Acontias_meleagris,Viviparous,Acontias_meleagris,Acontias,Scincidae,162.4,79,-5.125,3.229,519.265,249.966,4,2,3,3,21.77,-33.26,Cathemeral,21.8,21.8
Agama_aculeata,Oviparous,Agama_aculeata,Agama,Agamidae,85.4,27,-4.686,3.105,260.481,79.149,18,8,14,11.5,22.57,-18.89,Diurnal,36.2,36.2
Agama_agama,Oviparous,Agama_agama,Agama,Agamidae,89.8,31,-4.686,3.105,274.143,91.569,24,3,12.1,5.5,15.61,6.77,Diurnal,34.9,36.8
Agama_hispida,Oviparous,Agama_hispida,Agama,Agamidae,98.7,29,-4.686,3.105,301.778,85.359,20,4,14,13.4,20.8,-29.84,Diurnal,35.8,36.9
Algyroides_moreoticus,Oviparous,Algyroides_moreoticus,Algyroides,Lacertidae,44.4,20.4,-4.543,2.951,126.481,55.657,8,1,3.3,3.3,22.18,37.53,Diurnal,24.8,32.4
Algyroides_nigropunctatus,Oviparous,Algyroides_nigropunctatus,Algyroides,Lacertidae,58.4,22,-4.543,2.951,167.795,60.379,8,2,4,3,18.75,41.86,Diurnal,32.3,32.3
Alopoglossus_angulatus,Oviparous,Alopoglossus_angulatus,Alopoglossus,Gymnophthalmidae,56.3,21.3,-5.178,3.302,180.725,65.155,2,1,2,2,-62.98,-4.02,Diurnal,25.1,27.3
Alopoglossus_atriventris,Oviparous,Alopoglossus_atriventris,Alopoglossus,Gymnophthalmidae,48,22,-5.178,3.302,153.318,67.466,2,2,2,2,-70.19,-5.25,Diurnal,26.1,26.2
Amalosia_rhombifer,Oviparous,Amalosia_rhombifer,Amalosia,Diplodactylidae,48,22.5,-4.804,3.057,141.932,63.979,2,2,2,2,136.89,-17.4,Nocturnal,26.1,26.1
Amblyrhynchus_cristatus,Oviparous,Amblyrhynchus_cristatus,Amblyrhynchus,Iguanidae,320,110.5,-4.298,2.972,946.742,324.108,6,1,2.5,2,-90.9,-0.55,Diurnal,25.5,37.9
Ameiva_ameiva,Oviparous,Ameiva_ameiva,Ameiva,Teiidae,118.9,39.1,-4.747,3.11,365.032,116.854,11,1,8,2.5,-58.3,-8.34,Diurnal,36.1,39.4
Ameiva_parecis,Oviparous,Ameiva_parecis,Ameiva,Teiidae,79.3,36,-4.747,3.11,241.876,107.213,2,1,1.6,1.6,-60.27,-12.48,Diurnal,38.2,38.2
Ameivula_ocellifera,Oviparous,Ameivula_ocellifera,Ameivula,Teiidae,62.5,27.5,-4.747,3.11,189.628,80.778,5,1,3.4,1.6,-51.28,-14.54,Diurnal,34.8,39.7
Amphibolurus_muricatus,Oviparous,Amphibolurus_muricatus,Amphibolurus,Agamidae,90.7,31.2,-4.686,3.105,276.938,92.190,12,3,6,5.1,149.04,-31.67,Diurnal,34.8,36
Amphisbaena_alba,Oviparous,Amphisbaena_alba,Amphisbaena,Amphisbaenidae,534.3,160,-8.647,4.007,2132.293,632.473,16,6,12,6.5,-57.41,-12.29,Cathemeral,25,25
Anadia_brevifrontalis,Oviparous,Anadia_brevifrontalis,Anadia,Gymnophthalmidae,68.1,30.5,-5.178,3.302,219.688,95.533,2,2,2,2,-70.74,8.59,Diurnal,21.5,21.5
Anepischetosia_maccoyi,Oviparous,Anepischetosia_maccoyi,Anepischetosia,Scincidae,51,23.4,-5.125,3.229,159.554,70.434,9,1,3.6,2.3,146.46,-37.33,Cathemeral,14.5,21.1
Anguis_fragilis,Viviparous,Anguis_fragilis,Anguis,Anguidae,176.5,47,-5.224,2.892,505.214,130.700,28,2,12.3,6.7,8.1,50.08,Diurnal,22.1,26.4
Anniella_pulchra,Viviparous,Anniella_pulchra,Anniella,Anniellidae,143.8,56,-4.207,2.3,326.533,124.593,4,1,2,1.3,-118.72,34.71,Cathemeral,20,23.6
Anolis_acutus,Oviparous,Anolis_acutus,Anolis,Dactyloidae,43.1,20.5,-4.574,2.942,122.226,55.737,1,1,1,1,-64.77,17.74,Diurnal,25.6,34.8
Anolis_aeneus,Oviparous,Anolis_aeneus,Anolis,Dactyloidae,46.5,22.5,-4.574,2.942,132.229,61.621,1,1,1,1,-58.9,6.51,Diurnal,29.1,34
Anolis_agassizi,Oviparous,Anolis_agassizi,Anolis,Dactyloidae,77.1,26.4,-4.574,2.942,222.254,73.095,1,1,1,1,-81.6,3.98,Diurnal,30.6,30.6
Anolis_alutaceus,Oviparous,Anolis_alutaceus,Anolis,Dactyloidae,33.6,15,-4.574,2.942,94.277,39.556,1,1,1,1,-79.25,21.65,Diurnal,28.3,29.1
Anolis_angusticeps,Oviparous,Anolis_angusticeps,Anolis,Dactyloidae,38,15.5,-4.574,2.942,107.222,41.027,1,1,1,1,-78.91,21.83,Diurnal,29.2,32.4
Anolis_auratus,Oviparous,Anolis_auratus,Anolis,Dactyloidae,47.7,19.7,-4.574,2.942,135.759,53.383,2,1,1,1,-65.36,3.89,Diurnal,30.7,33.9
Anolis_bahorucoensis,Oviparous,Anolis_bahorucoensis,Anolis,Dactyloidae,37.3,18.5,-4.574,2.942,105.163,49.853,2,1,1.1,1,-71.59,18.16,Diurnal,24.4,26.4
Anolis_barbatus,Oviparous,Anolis_barbatus,Anolis,Dactyloidae,122.7,47.5,-4.574,2.942,356.409,135.171,1,1,1,1,-82,22.44,Diurnal,27.1,32.5
Anolis_barbouri,Oviparous,Anolis_barbouri,Anolis,Dactyloidae,45.5,17,-4.574,2.942,129.287,45.440,2,1,1,1,-71.61,18.44,Diurnal,24.1,26.3
Anolis_barkeri,Oviparous,Anolis_barkeri,Anolis,Dactyloidae,68.5,34,-4.574,2.942,196.953,95.454,2,1,2,1,-94.42,17.53,Diurnal,23.9,24.4
Anolis_biporcatus,Oviparous,Anolis_biporcatus,Anolis,Dactyloidae,88.4,28,-4.574,2.942,255.499,77.802,2,1,1,1,-83.23,11.62,Diurnal,30.1,30.1
Anolis_brasiliensis,Oviparous,Anolis_brasiliensis,Anolis,Dactyloidae,63.1,26,-4.574,2.942,181.066,71.918,1,1,1,1,-49.46,-11.33,Diurnal,30.6,31.6
Anolis_capito,Oviparous,Anolis_capito,Anolis,Dactyloidae,85,27,-4.574,2.942,245.496,74.860,1,1,1,1,-85.96,13.51,Diurnal,28.8,28.9
Anolis_carolinensis,Oviparous,Anolis_carolinensis,Anolis,Dactyloidae,49.3,21.8,-4.574,2.942,140.467,59.562,2,1,1.3,1,-88.33,32.08,Diurnal,22.2,34.2
Anolis_carpenteri,Oviparous,Anolis_carpenteri,Anolis,Dactyloidae,39.9,26,-4.574,2.942,112.812,71.918,1,1,1,1,-83.99,10.44,Diurnal,27.3,27.3
Anolis_chrysolepis,Oviparous,Anolis_chrysolepis,Anolis,Dactyloidae,56,27,-4.574,2.942,160.178,74.860,2,1,1,1,-57.49,-4.08,Diurnal,27.3,30.6
Anolis_conspersus,Oviparous,Anolis_conspersus,Anolis,Dactyloidae,41.6,22,-4.574,2.942,117.813,60.150,1,1,1,1,-82.46,19.51,Diurnal,31.1,31.1
Anolis_cristatellus,Oviparous,Anolis_cristatellus,Anolis,Dactyloidae,50.9,22,-4.574,2.942,145.174,60.150,1,1,1,1,-66.39,18.23,Diurnal,23.3,33.4
Anolis_cupreus,Oviparous,Anolis_cupreus,Anolis,Dactyloidae,44.1,18,-4.574,2.942,125.168,48.382,1,1,1,1,-84.92,13.17,Diurnal,25.1,30.6
Anolis_distichus,Oviparous,Anolis_distichus,Anolis,Dactyloidae,43.4,19,-4.574,2.942,123.109,51.324,1,1,1,1,-76.67,23.35,Diurnal,26.4,31.5
Anolis_evermanni,Oviparous,Anolis_evermanni,Anolis,Dactyloidae,47.5,20,-4.574,2.942,135.171,54.266,1,1,1,1,-66.25,18.22,Diurnal,23.2,25.9
Anolis_frenatus,Oviparous,Anolis_frenatus,Anolis,Dactyloidae,108.9,35,-4.574,2.942,315.810,98.396,1,1,1,1,-76.87,7.56,Diurnal,26.9,26.9
Anolis_fuscoauratus,Oviparous,Anolis_fuscoauratus,Anolis,Dactyloidae,45.2,16.7,-4.574,2.942,128.404,44.557,2,1,1,1,-61.08,-3.58,Diurnal,28.3,28.8
Anolis_gemmosus,Oviparous,Anolis_gemmosus,Anolis,Dactyloidae,57.7,26.8,-4.574,2.942,165.179,74.272,2,1,1,1,-78.55,0,Diurnal,16.2,21
Anolis_grahami,Oviparous,Anolis_grahami,Anolis,Dactyloidae,44.5,18.5,-4.574,2.942,126.345,49.853,2,1,1,1,-77.31,18.16,Diurnal,31.1,31.2
Anolis_gundlachi,Oviparous,Anolis_gundlachi,Anolis,Dactyloidae,44.2,17.4,-4.574,2.942,125.462,46.617,1,1,1,1,-66.45,18.22,Diurnal,19.4,29.2
Anolis_homolechis,Oviparous,Anolis_homolechis,Anolis,Dactyloidae,38.8,16.5,-4.574,2.942,109.576,43.969,1,1,1,1,-78.97,21.59,Diurnal,27.6,32.8
Anolis_humilis,Oviparous,Anolis_humilis,Anolis,Dactyloidae,37.5,16.7,-4.574,2.942,105.751,44.557,2,1,1.1,1,-81.75,8.88,Diurnal,21.5,27.8
Anolis_krugi,Oviparous,Anolis_krugi,Anolis,Dactyloidae,37.1,16,-4.574,2.942,104.574,42.498,1,1,1,1,-66.39,18.21,Diurnal,28.6,28.7
Anolis_lemurinus,Oviparous,Anolis_lemurinus,Anolis,Dactyloidae,59.3,24.5,-4.574,2.942,169.887,67.505,2,1,1,1,-87.07,15.25,Diurnal,21,21
Anolis_limifrons,Oviparous,Anolis_limifrons,Anolis,Dactyloidae,41.8,15.5,-4.574,2.942,118.402,41.027,2,1,2,1,-83.33,11.45,Diurnal,26.1,31
Anolis_lineatopus,Oviparous,Anolis_lineatopus,Anolis,Dactyloidae,46.2,21,-4.574,2.942,131.346,57.208,1,1,1,1,-77.31,18.15,Diurnal,27.5,31
Anolis_lionotus,Oviparous,Anolis_lionotus,Anolis,Dactyloidae,62.5,26.5,-4.574,2.942,179.301,73.389,1,1,1,1,-81.08,8.48,Diurnal,26,26.4
Anolis_lucius,Oviparous,Anolis_lucius,Anolis,Dactyloidae,52,25.1,-4.574,2.942,148.410,69.270,1,1,1,1,-78.9,21.83,Diurnal,25.5,30.4
Anolis_nebulosus,Oviparous,Anolis_nebulosus,Anolis,Dactyloidae,40.8,18,-4.574,2.942,115.460,48.382,1,1,1,1,-102.21,20.94,Diurnal,29.7,34.3
Anolis_oculatus,Oviparous,Anolis_oculatus,Anolis,Dactyloidae,52,22.7,-4.574,2.942,148.410,62.209,2,1,1.1,1,-61.36,15.43,Diurnal,23.7,31
Anolis_opalinus,Oviparous,Anolis_opalinus,Anolis,Dactyloidae,42.3,19.3,-4.574,2.942,119.873,52.207,2,1,1,1,-77.3,18.14,Diurnal,28.1,28.1
Anolis_ortonii,Oviparous,Anolis_ortonii,Anolis,Dactyloidae,44.7,20.3,-4.574,2.942,126.933,55.149,2,1,1,1,-62.48,-4.01,Diurnal,30.3,31.2
Anolis_oxylophus,Oviparous,Anolis_oxylophus,Anolis,Dactyloidae,58.9,26,-4.574,2.942,168.710,71.918,1,1,1,1,-84.23,12.47,Diurnal,29.1,29.1
Anolis_pentaprion,Oviparous,Anolis_pentaprion,Anolis,Dactyloidae,58.2,23,-4.574,2.942,166.650,63.092,2,1,1,1,-84.82,12.53,Diurnal,28,28
Anolis_planiceps,Oviparous,Anolis_planiceps,Anolis,Dactyloidae,62.2,26,-4.574,2.942,178.418,71.918,2,1,1.4,1.4,-63.71,4.93,Diurnal,28.3,28.3
Anolis_poecilopus,Oviparous,Anolis_poecilopus,Anolis,Dactyloidae,59.6,29,-4.574,2.942,170.769,80.744,1,1,1,1,-76.2,7.57,Diurnal,26.5,26.5
Anolis_polylepis,Oviparous,Anolis_polylepis,Anolis,Dactyloidae,45.4,19,-4.574,2.942,128.993,51.324,1,1,1,1,-83.33,8.88,Diurnal,25.6,27.8
Anolis_porcatus,Oviparous,Anolis_porcatus,Anolis,Dactyloidae,54.6,21.9,-4.574,2.942,156.059,59.856,2,1,1,1,-78.93,21.57,Diurnal,31.5,32.7
Anolis_punctatus,Oviparous,Anolis_punctatus,Anolis,Dactyloidae,70.4,26,-4.574,2.942,202.543,71.918,2,1,1.5,1,-60.09,-5.38,Diurnal,28.2,29.2
Anolis_richardii,Oviparous,Anolis_richardii,Anolis,Dactyloidae,71.3,30,-4.574,2.942,205.191,83.686,1,1,1,1,-61.64,12.2,Diurnal,28.3,29.8
Anolis_roquet,Oviparous,Anolis_roquet,Anolis,Dactyloidae,52.3,22,-4.574,2.942,149.293,60.150,2,1,1,1,-61.02,14.65,Diurnal,24.3,28.6
Anolis_sagrei,Oviparous,Anolis_sagrei,Anolis,Dactyloidae,47.7,16,-4.574,2.942,135.759,42.498,2,1,2,1,-83.13,22.88,Diurnal,26.6,34.8
Anolis_scypheus,Oviparous,Anolis_scypheus,Anolis,Dactyloidae,73,29.5,-4.574,2.942,210.192,82.215,2,1,1,1,-73.77,-0.69,Diurnal,27.3,27.5
Anolis_semilineatus,Oviparous,Anolis_semilineatus,Anolis,Dactyloidae,36.1,17,-4.574,2.942,101.632,45.440,1,1,1,1,-71.23,18.91,Diurnal,30.7,32.3
Anolis_tandai,Oviparous,Anolis_tandai,Anolis,Dactyloidae,65.2,27.5,-4.574,2.942,187.244,76.331,1,1,1,1,-65.21,-7.07,Diurnal,27.7,27.7
Anolis_taylori,Oviparous,Anolis_taylori,Anolis,Dactyloidae,57,32,-4.574,2.942,163.120,89.570,1,1,1,1,-99.86,16.86,Diurnal,29.1,30
Anolis_trachyderma,Oviparous,Anolis_trachyderma,Anolis,Dactyloidae,53.8,25.5,-4.574,2.942,153.706,70.447,2,1,2,1,-70.78,-3.99,Diurnal,27.8,28
Anolis_transversalis,Oviparous,Anolis_transversalis,Anolis,Dactyloidae,77.1,38,-4.574,2.942,222.254,107.222,1,1,1,1,-68.88,-4.84,Diurnal,27.6,27.6
Anolis_tropidolepis,Oviparous,Anolis_tropidolepis,Anolis,Dactyloidae,50.8,20.5,-4.574,2.942,144.880,55.737,1,1,1,1,-84.09,10.01,Diurnal,19.4,20.5
Anolis_woodi,Oviparous,Anolis_woodi,Anolis,Dactyloidae,75.4,31,-4.574,2.942,217.253,86.628,1,1,1,1,-83.75,9.62,Diurnal,21.5,21.5
Aristelliger_cochranae,Oviparous,Aristelliger_cochranae,Aristelliger,Sphaerodactylidae,44,20.6,-4.558,2.97,126.122,56.624,1,1,1,1,-72.28,18.8,Cathemeral,29,32.3
Arthrosaura_reticulata,Oviparous,Arthrosaura_reticulata,Arthrosaura,Gymnophthalmidae,56.5,23,-5.178,3.302,181.385,70.768,2,1,2,2,-61.62,-3.75,Diurnal,26.7,27
Aspidoscelis_burti,Oviparous,Aspidoscelis_burti,Aspidoscelis,Teiidae,102.2,33,-4.747,3.11,313.095,97.883,10,1,4.3,4.3,-110.26,29.57,Diurnal,36,43
Aspidoscelis_cozumelus,Oviparous,Aspidoscelis_cozumelus,Aspidoscelis,Teiidae,63.5,28.2,-4.747,3.11,192.738,82.955,4,1,1.8,1.7,-89.1,17.47,Diurnal,38,38
Aspidoscelis_deppii,Oviparous,Aspidoscelis_deppii,Aspidoscelis,Teiidae,67.4,30.5,-4.747,3.11,204.867,90.108,4,1,3,1.6,-93.54,16.49,Diurnal,37.9,42.5
Aspidoscelis_exsanguis,Oviparous,Aspidoscelis_exsanguis,Aspidoscelis,Teiidae,80.6,34.8,-4.747,3.11,245.919,103.481,7,1,4.4,2.7,-106.38,31.72,Diurnal,38,40.4
Aspidoscelis_gularis,Oviparous,Aspidoscelis_gularis,Aspidoscelis,Teiidae,77.4,32.5,-4.747,3.11,235.967,96.328,8,1,5,2.4,-100.92,28.19,Diurnal,33.5,41
Aspidoscelis_guttatus,Oviparous,Aspidoscelis_guttatus,Aspidoscelis,Teiidae,92.7,35,-4.747,3.11,283.550,104.103,5,1,4.5,4.5,-96.79,17.41,Diurnal,38.2,40.4
Aspidoscelis_hyperythrus,Oviparous,Aspidoscelis_hyperythrus,Aspidoscelis,Teiidae,58.3,27.5,-4.747,3.11,176.566,80.778,4,1,2.3,2.3,-113.86,28.61,Diurnal,38.5,39.9
Aspidoscelis_inornatus,Oviparous,Aspidoscelis_inornatus,Aspidoscelis,Teiidae,54.9,31.5,-4.747,3.11,165.992,93.218,6,1,3.3,2,-104.17,29.13,Diurnal,38,40.2
Aspidoscelis_laredoensis,Oviparous,Aspidoscelis_laredoensis,Aspidoscelis,Teiidae,72.9,32.5,-4.747,3.11,221.972,96.328,7,1,4.2,2.6,-99.35,27.31,Diurnal,39.4,39.6
Aspidoscelis_lineattissimus,Oviparous,Aspidoscelis_lineattissimus,Aspidoscelis,Teiidae,77.8,32.5,-4.747,3.11,237.211,96.328,9,1,4.8,3.8,-103.78,19.62,Diurnal,31.1,38.4
Aspidoscelis_marmoratus,Oviparous,Aspidoscelis_marmoratus,Aspidoscelis,Teiidae,79.6,34.5,-4.747,3.11,242.809,102.548,5,1,3.3,2,-103.93,29.89,Diurnal,38.5,40
Aspidoscelis_neomexicanus,Oviparous,Aspidoscelis_neomexicanus,Aspidoscelis,Teiidae,67.5,33.8,-4.747,3.11,205.178,100.371,4,1,2.3,1.6,-106.79,33.12,Diurnal,39,39.4
Aspidoscelis_parvisocius,Oviparous,Aspidoscelis_parvisocius,Aspidoscelis,Teiidae,58.9,29,-4.747,3.11,178.432,85.443,4,1,1.8,1.8,-97.4,18.19,Diurnal,36.7,40.1
Aspidoscelis_scalaris,Oviparous,Aspidoscelis_scalaris,Aspidoscelis,Teiidae,78.5,32.5,-4.747,3.11,239.388,96.328,5,1,3.3,3.3,-102.91,25.14,Diurnal,37.6,37.6
Aspidoscelis_sexlineatus,Oviparous,Aspidoscelis_sexlineatus,Aspidoscelis,Teiidae,67,31,-4.747,3.11,203.623,91.663,8,1,5.3,2.1,-92.91,35.26,Diurnal,36.6,41
Aspidoscelis_tesselatus,Oviparous,Aspidoscelis_tesselatus,Aspidoscelis,Teiidae,76.9,41.5,-4.747,3.11,234.412,124.318,8,1,4.9,3.2,-104.16,32.45,Diurnal,37.8,42
Aspidoscelis_tigris,Oviparous,Aspidoscelis_tigris,Aspidoscelis,Teiidae,81.3,33,-4.747,3.11,248.096,97.883,8,1,4.1,1.3,-111.42,33.69,Diurnal,37.1,41.3
Aspidoscelis_uniparens,Oviparous,Aspidoscelis_uniparens,Aspidoscelis,Teiidae,63.1,28.5,-4.747,3.11,191.494,83.888,7,1,3.7,2.4,-108.89,32.27,Diurnal,36.7,41
Aspidoscelis_velox,Oviparous,Aspidoscelis_velox,Aspidoscelis,Teiidae,74,35,-4.747,3.11,225.393,104.103,5,3,4,4,-109.34,35.97,Diurnal,38,38.7
Atlantolacerta_andreanskyi,Oviparous,Atlantolacerta_andreanskyi,Atlantolacerta,Lacertidae,46,22.2,-4.543,2.951,131.203,60.969,3,1,2.1,1.6,-6.55,31.72,Diurnal,31.4,31.4
Bachia_bicolor,Oviparous,Bachia_bicolor,Bachia,Gymnophthalmidae,61.1,25.5,-5.178,3.302,196.574,79.023,2,2,2,2,-74.12,8.46,Diurnal,26.8,26.8
Barisia_imbricata,Viviparous,Barisia_imbricata,Barisia,Anguidae,110,32.1,-5.224,2.892,312.896,87.609,20,5,16,6.9,-102.2,22.2,Diurnal,26.6,26.6
Basiliscus_basiliscus,Oviparous,Basiliscus_basiliscus,Basiliscus,Corytophanidae,160,40,-5.033,3.243,513.847,124.687,20,2,10,8.4,-75.9,8,Diurnal,26,29.5
Basiliscus_vittatus,Oviparous,Basiliscus_vittatus,Basiliscus,Corytophanidae,117.8,37.5,-5.033,3.243,376.992,116.580,18,2,6.9,3.9,-91.18,16.83,Diurnal,34.7,37.6
Bassiana_duperreyi,Oviparous,Bassiana_duperreyi,Bassiana,Scincidae,65.7,25.8,-5.125,3.229,207.020,78.183,11,2,5.8,4.8,144.62,-37.39,Diurnal,26.2,32
Bassiana_trilineata,Oviparous,Bassiana_trilineata,Bassiana,Scincidae,64.3,27,-5.125,3.229,202.500,82.058,10,2,6,4.3,122.32,-32.95,Diurnal,26,28.3
Bellatorias_major,Viviparous,Bellatorias_major,Bellatorias,Scincidae,278.2,76.5,-5.125,3.229,893.183,241.894,9,2,6,4.7,152.38,-29.84,Diurnal,29.9,32.9
Bipes_biporus,Oviparous,Bipes_biporus,Bipes,Bipedidae,176,99.5,-5.858,2.943,512.110,286.971,4,1,2.2,2,-112.53,26.13,Diurnal,23,32.1
Bipes_canaliculatus,Oviparous,Bipes_canaliculatus,Bipes,Bipedidae,202.5,93,-5.858,2.943,590.100,267.841,4,1,2.8,2.8,-101.32,18.35,Diurnal,28.7,31.1
Brachylophus_vitiensis,Oviparous,Brachylophus_vitiensis,Brachylophus,Iguanidae,204.5,77.5,-4.298,2.972,603.476,226.032,6,1,4,4,177.59,-17.64,Diurnal,32,32
Bradypodion_pumilum,Viviparous,Bradypodion_pumilum,Bradypodion,Chamaeleonidae,71.4,21,-3.997,2.68,187.355,52.283,21,2,14,11,17.74,-30.36,Diurnal,22.4,32
Brasiliscincus_agilis,Viviparous,Brasiliscincus_agilis,Brasiliscincus,Scincidae,70.6,33.5,-5.125,3.229,222.842,103.047,9,1,5.7,3.3,-41.13,-17.27,Diurnal,31.4,34.5
Brasiliscincus_heathi,Viviparous,Brasiliscincus_heathi,Brasiliscincus,Scincidae,67.1,29.7,-5.125,3.229,211.541,90.776,9,2,5.3,2.8,-42.41,-10.36,Diurnal,34.6,34.6
Bunopus_blanfordii,Oviparous,Bunopus_blanfordii,Bunopus,Gekkonidae,40.9,21,-4.242,2.761,108.683,53.739,2,2,2,2,39.5,27.18,Cathemeral,31.3,31.3
Bunopus_tuberculatus,Oviparous,Bunopus_tuberculatus,Bunopus,Gekkonidae,39.3,20.5,-4.242,2.761,104.265,52.359,2,1,2,2,51.55,28.41,Cathemeral,30,30
Callisaurus_draconoides,Oviparous,Callisaurus_draconoides,Callisaurus,Phrynosomatidae,67.9,28.5,-3.855,2.677,177.913,72.440,15,1,6,2.7,-113.75,32.88,Diurnal,37.1,41.5
Calotes_versicolor,Oviparous,Calotes_versicolor,Calotes,Agamidae,86.8,23.2,-4.686,3.105,264.828,67.350,33,1,20,7.3,87.85,21.29,Diurnal,25.6,36.1
Carinascincus_coventryi,Viviparous,Carinascincus_coventryi,Carinascincus,Scincidae,42.9,17.6,-5.125,3.229,133.399,51.705,7,1,3,2.1,147.39,-36.01,Diurnal,27,27
Carinascincus_greeni,Viviparous,Carinascincus_greeni,Carinascincus,Scincidae,64,30.5,-5.125,3.229,201.531,93.360,3,2,3,2.3,146.74,-41.87,Diurnal,27.4,27.4
Carinascincus_metallicus,Viviparous,Carinascincus_metallicus,Carinascincus,Scincidae,52.7,22.2,-5.125,3.229,165.043,66.559,8,1,4.6,3,146.5,-40.9,Diurnal,29,35.4
Carinascincus_microlepidotus,Viviparous,Carinascincus_microlepidotus,Carinascincus,Scincidae,59.2,24.5,-5.125,3.229,186.032,73.986,6,1,2.8,2.2,146.34,-42.53,Diurnal,22,30.5
Carinascincus_ocellatus,Viviparous,Carinascincus_ocellatus,Carinascincus,Scincidae,68.7,29.4,-5.125,3.229,216.707,89.808,6,1,4,2.4,146.64,-41.88,Diurnal,30.5,30.5
Carlia_fusca,Oviparous,Carlia_fusca,Carlia,Scincidae,49.5,23.4,-5.125,3.229,154.711,70.434,2,1,2,1.7,135.72,-3.36,Diurnal,30.8,32.7
Carlia_longipes,Oviparous,Carlia_longipes,Carlia,Scincidae,58.5,23.7,-5.125,3.229,183.772,71.402,2,1,2,2,142.37,-9.65,Diurnal,30.8,30.8
Carlia_rhomboidalis,Oviparous,Carlia_rhomboidalis,Carlia,Scincidae,49.3,20,-5.125,3.229,154.065,59.455,2,2,2,2,146.79,-19.15,Diurnal,28.9,28.9
Carlia_rostralis,Oviparous,Carlia_rostralis,Carlia,Scincidae,56.1,25.2,-5.125,3.229,176.022,76.246,2,2,2,2,143.17,-17.6,Diurnal,29.3,30.7
Carlia_rubrigularis,Oviparous,Carlia_rubrigularis,Carlia,Scincidae,52.9,22.6,-5.125,3.229,165.689,67.850,2,2,2,2,145.47,-18,Diurnal,28.5,31.7
Carlia_storri,Oviparous,Carlia_storri,Carlia,Scincidae,43.1,20.3,-5.125,3.229,134.045,60.424,2,2,2,2,143.87,-14.3,Diurnal,28.9,31.5
Carlia_vivax,Oviparous,Carlia_vivax,Carlia,Scincidae,46.1,20,-5.125,3.229,143.732,59.455,2,2,2,2,147.94,-22.38,Diurnal,30.5,30.5
Cercosaura_eigenmanni,Oviparous,Cercosaura_eigenmanni,Cercosaura,Gymnophthalmidae,47,19.4,-5.178,3.302,150.016,58.881,2,2,2,2,-61.82,-12.21,Diurnal,27.2,29.9
Cercosaura_ocellata,Oviparous,Cercosaura_ocellata,Cercosaura,Gymnophthalmidae,52,21,-5.178,3.302,166.526,64.164,3,1,2.9,2,-55.68,-8.74,Diurnal,28.1,28.1
Cercosaura_oshaughnessyi,Oviparous,Cercosaura_oshaughnessyi,Cercosaura,Gymnophthalmidae,35.4,20.5,-5.178,3.302,111.713,62.513,2,1,2,2,-73.34,-3.25,Diurnal,28.9,30.1
Chalcides_bedriagai,Viviparous,Chalcides_bedriagai,Chalcides,Scincidae,75.3,31.1,-5.125,3.229,238.019,95.297,6,1,2.7,2.2,-4.37,39.62,Diurnal,28.5,28.5
Chalcides_guentheri,Viviparous,Chalcides_guentheri,Chalcides,Scincidae,130.5,48,-5.125,3.229,416.260,149.867,8,3,5.8,3,35.34,32.45,Diurnal,36.2,36.2
Chalcides_ocellatus,Viviparous,Chalcides_ocellatus,Chalcides,Scincidae,109.4,37,-5.125,3.229,348.128,114.348,25,1,10,3,26.91,25.09,Cathemeral,30.4,34.1
Chalcides_sepsoides,Viviparous,Chalcides_sepsoides,Chalcides,Scincidae,98.2,38,-5.125,3.229,311.963,117.577,10,2,6,2.7,25.62,28.89,Cathemeral,27.7,27.7
Chalcidoseps_thwaitesi,Oviparous,Chalcidoseps_thwaitesi,Chalcidoseps,Scincidae,113.7,35,-5.125,3.229,362.012,107.890,2,2,2,2,80.8,7.4,Diurnal,25.3,25.3
Chamaeleo_chamaeleon,Oviparous,Chamaeleo_chamaeleon,Chamaeleo,Chamaeleonidae,114.3,27.2,-3.997,2.68,302.327,68.899,50,3,30,17.3,14.58,31.03,Diurnal,24.2,32.8
Chamaeleo_dilepis,Oviparous,Chamaeleo_dilepis,Chamaeleo,Chamaeleonidae,150.6,31.5,-3.997,2.68,399.611,80.423,77,2,44.2,35,27,-8.73,Diurnal,31.2,32
Chamaeleo_namaquensis,Oviparous,Chamaeleo_namaquensis,Chamaeleo,Chamaeleonidae,120,27.8,-3.997,2.68,317.603,70.507,30,6,13.2,13.2,17.23,-24.95,Diurnal,28.7,34.2
Chatogekko_amazonicus,Oviparous,Chatogekko_amazonicus,Chatogekko,Sphaerodactylidae,22.2,12.3,-4.558,2.97,61.376,31.973,1,1,1,1,-60.62,-3.65,Diurnal,27.5,27.5
Chlamydosaurus_kingii,Oviparous,Chlamydosaurus_kingii,Chlamydosaurus,Agamidae,209.8,49,-4.686,3.105,646.743,147.459,24,4,15.1,8.9,138.94,-17.92,Diurnal,32.8,36.7
Chondrodactylus_angulifer,Oviparous,Chondrodactylus_angulifer,Chondrodactylus,Gekkonidae,86.1,38,-4.242,2.761,233.480,100.676,2,1,1.7,1.7,18.92,-27.35,Nocturnal,25,26.2
Chondrodactylus_bibronii,Oviparous,Chondrodactylus_bibronii,Chondrodactylus,Gekkonidae,75,28,-4.242,2.761,202.833,73.066,2,1,2,2,20.5,-27.76,Nocturnal,27.6,32
Christinus_guentheri,Oviparous,Christinus_guentheri,Christinus,Gekkonidae,68,30,-4.242,2.761,183.506,78.588,2,1,1.3,1.3,159.08,-31.56,Nocturnal,19,21.5
Christinus_marmoratus,Oviparous,Christinus_marmoratus,Christinus,Gekkonidae,51.6,16,-4.242,2.761,138.226,39.934,2,1,2,1.5,134.33,-33.73,Nocturnal,14.1,33.8
Cnemidophorus_cryptus,Oviparous,Cnemidophorus_cryptus,Cnemidophorus,Teiidae,62,31.5,-4.747,3.11,188.073,93.218,3,1,1.9,1.1,-52.16,-2.6,Diurnal,38.9,39.4
Cnemidophorus_gramivagus,Oviparous,Cnemidophorus_gramivagus,Cnemidophorus,Teiidae,79.7,32.5,-4.747,3.11,243.120,96.328,3,1,1.7,1.5,-69.7,4.77,Diurnal,37.6,37.7
Cnemidophorus_lemniscatus,Oviparous,Cnemidophorus_lemniscatus,Cnemidophorus,Teiidae,62.8,25.5,-4.747,3.11,190.561,74.558,5,1,2.6,1.1,-64.55,4.08,Diurnal,37.6,38.8
Cnemidophorus_murinus,Oviparous,Cnemidophorus_murinus,Cnemidophorus,Teiidae,95.8,42,-4.747,3.11,293.191,125.873,2,1,1.2,1.2,-64.77,11.14,Diurnal,37.2,40.4
Coleonyx_brevis,Oviparous,Coleonyx_brevis,Coleonyx,Eublepharidae,52.5,23.5,-5.201,3.255,165.687,71.292,4,1,2.3,2,-102.43,28.57,Nocturnal,27.6,28.6
Coleonyx_mitratus,Oviparous,Coleonyx_mitratus,Coleonyx,Eublepharidae,76.3,35.5,-5.201,3.255,243.156,110.352,2,1,2,2,-86.47,12.66,Nocturnal,24.9,24.9
Coleonyx_reticulatus,Oviparous,Coleonyx_reticulatus,Coleonyx,Eublepharidae,87.5,40,-5.201,3.255,279.612,124.999,2,2,2,2,-103.18,27.97,Nocturnal,24,32
Coleonyx_variegatus,Oviparous,Coleonyx_variegatus,Coleonyx,Eublepharidae,60.8,27.5,-5.201,3.255,192.703,84.312,2,1,2,1.9,-113.64,32.1,Nocturnal,19.4,32.8
Colopus_wahlbergii,Oviparous,Colopus_wahlbergii,Colopus,Gekkonidae,58.9,25,-4.242,2.761,158.381,64.783,2,2,2,2,22.63,-22.7,Nocturnal,23.9,26.3
Concinnia_queenslandiae,Viviparous,Concinnia_queenslandiae,Concinnia,Scincidae,70.1,32.5,-5.125,3.229,221.228,99.818,6,1,3.2,3.1,145.42,-17.11,Cathemeral,32.7,32.7
Conolophus_pallidus,Oviparous,Conolophus_pallidus,Conolophus,Iguanidae,333.8,100,-4.298,2.972,987.756,292.902,10,10,10,10,-90.06,-0.82,Diurnal,32.2,37.6
Conolophus_subcristatus,Oviparous,Conolophus_subcristatus,Conolophus,Iguanidae,382.5,100,-4.298,2.972,1132.492,292.902,23,7,13.5,8.4,-91.08,-0.55,Diurnal,33.8,36.5
Contomastix_lacertoides,Oviparous,Contomastix_lacertoides,Contomastix,Teiidae,62,26.5,-4.747,3.11,188.073,77.668,8,2,3.8,3.8,-59.88,-28.26,Diurnal,35,35.2
Copeoglossum_nigropunctatum,Viviparous,Copeoglossum_nigropunctatum,Copeoglossum,Scincidae,93.6,35.7,-5.125,3.229,297.109,110.150,9,2,6.3,3.3,-58.12,-6.8,Diurnal,31.2,34.9
Cophosaurus_texanus,Oviparous,Cophosaurus_texanus,Cophosaurus,Phrynosomatidae,55.9,23.5,-3.855,2.677,145.789,59.055,12,1,6.8,2.3,-103.33,29.79,Diurnal,34.9,39.2
Cordylus_cordylus,Viviparous,Cordylus_cordylus,Cordylus,Cordylidae,73.4,35,-4.207,2.471,177.164,82.278,3,1,2,2,24.48,-32.46,Diurnal,20.5,27.8
Corucia_zebrata,Viviparous,Corucia_zebrata,Corucia,Scincidae,300,149,-5.125,3.229,963.575,475.996,2,1,1.3,1,158.36,-8.08,Nocturnal,29.2,30.5
Crocodilurus_amazonicus,Oviparous,Crocodilurus_amazonicus,Crocodilurus,Teiidae,211.7,73.5,-4.747,3.11,653.640,223.838,6,3,5.7,5.5,-62.47,-3.1,Diurnal,31.2,31.2
Crotaphytus_collaris,Oviparous,Crotaphytus_collaris,Crotaphytus,Crotaphytidae,90.6,38,-1.528,1.569,140.623,58.094,24,1,8.3,3.7,-103.4,32.64,Diurnal,35.5,38
Cryptoblepharus_buchananii,Oviparous,Cryptoblepharus_buchananii,Cryptoblepharus,Scincidae,42.2,22,-5.125,3.229,131.139,65.913,3,2,2,2,119.55,-27.9,Diurnal,32.4,32.6
Cryptoblepharus_plagiocephalus,Oviparous,Cryptoblepharus_plagiocephalus,Cryptoblepharus,Scincidae,38.9,16,-5.125,3.229,120.483,46.539,2,1,2,1.9,119.19,-27.21,Diurnal,32.3,32.9
Ctenophorus_caudicinctus,Oviparous,Ctenophorus_caudicinctus,Ctenophorus,Agamidae,61.5,22.5,-4.686,3.105,186.272,65.177,8,2,5.4,5.4,123.75,-23.4,Diurnal,29,39
Ctenophorus_clayi,Oviparous,Ctenophorus_clayi,Ctenophorus,Agamidae,50,25,-4.686,3.105,150.564,72.939,4,1,3,1.9,125.04,-24.68,Diurnal,36.5,36.9
Ctenophorus_fordi,Oviparous,Ctenophorus_fordi,Ctenophorus,Agamidae,51.8,24.5,-4.686,3.105,156.153,71.387,5,1,2.4,2.2,134.18,-30.76,Diurnal,36.9,37.2
Ctenophorus_isolepis,Oviparous,Ctenophorus_isolepis,Ctenophorus,Agamidae,58.1,25.5,-4.686,3.105,175.715,74.492,6,1,4.6,2.8,128.58,-23.91,Diurnal,37.2,43.7
Ctenophorus_maculatus,Oviparous,Ctenophorus_maculatus,Ctenophorus,Agamidae,54.4,28,-4.686,3.105,164.226,82.254,5,2,4,2,119.28,-30.51,Diurnal,37.5,37.5
Ctenophorus_maculosus,Oviparous,Ctenophorus_maculosus,Ctenophorus,Agamidae,59.3,27.5,-4.686,3.105,179.441,80.702,5,1,3.4,3,138.36,-29.67,Diurnal,37,39.8
Ctenophorus_nuchalis,Oviparous,Ctenophorus_nuchalis,Ctenophorus,Agamidae,82.8,34,-4.686,3.105,252.408,100.884,6,2,4.1,3.2,131.29,-24.49,Diurnal,35.7,43.8
Ctenophorus_ornatus,Oviparous,Ctenophorus_ornatus,Ctenophorus,Agamidae,79.8,35,-4.686,3.105,243.093,103.989,6,2,3.8,2.5,118.47,-31.63,Diurnal,36.6,39.5
Ctenophorus_reticulatus,Oviparous,Ctenophorus_reticulatus,Ctenophorus,Agamidae,71.7,23,-4.686,3.105,217.943,66.729,8,2,4.6,4,123.79,-27.35,Diurnal,34,37
Ctenophorus_scutulatus,Oviparous,Ctenophorus_scutulatus,Ctenophorus,Agamidae,86.4,29,-4.686,3.105,263.586,85.359,10,3,6.8,3.5,119.51,-28.22,Diurnal,38.9,38.9
Ctenosaura_similis,Oviparous,Ctenosaura_similis,Ctenosaura,Iguanidae,305,53.5,-4.298,2.972,902.162,154.704,88,12,43.4,22,-87.71,14.76,Diurnal,36.5,36.5
Ctenotus_ariadnae,Oviparous,Ctenotus_ariadnae,Ctenotus,Scincidae,64.3,29,-5.125,3.229,202.500,88.516,5,3,3.5,3.3,129.46,-24.64,Diurnal,35.8,36.3
Ctenotus_atlas,Oviparous,Ctenotus_atlas,Ctenotus,Scincidae,70,31,-5.125,3.229,220.905,94.974,2,1,1.5,1.5,129.52,-30.09,Diurnal,34.5,36.8
Ctenotus_brooksi,Oviparous,Ctenotus_brooksi,Ctenotus,Scincidae,46.3,21,-5.125,3.229,144.378,62.684,3,1,2.5,1.8,132.3,-27.12,Diurnal,30.6,31.2
Ctenotus_calurus,Oviparous,Ctenotus_calurus,Ctenotus,Scincidae,47,25,-5.125,3.229,146.638,75.600,4,1,2.7,1.8,125.96,-24.32,Diurnal,35.6,36.4
Ctenotus_dux,Oviparous,Ctenotus_dux,Ctenotus,Scincidae,66.5,29,-5.125,3.229,209.604,88.516,3,2,2.8,2.6,129.15,-25.25,Diurnal,32,33
Ctenotus_grandis,Oviparous,Ctenotus_grandis,Ctenotus,Scincidae,99.5,33,-5.125,3.229,316.161,101.432,4,4,4,4,124.4,-23.46,Diurnal,34.2,35.3
Ctenotus_leonhardii,Oviparous,Ctenotus_leonhardii,Ctenotus,Scincidae,71.5,29,-5.125,3.229,225.749,88.516,7,1,5.6,2,132.68,-25.32,Diurnal,37.6,38.4
Ctenotus_nasutus,Oviparous,Ctenotus_nasutus,Ctenotus,Scincidae,44.2,22.5,-5.125,3.229,137.597,67.528,4,1,4,1.8,125.19,-25.75,Diurnal,36.6,36.6
Ctenotus_pantherinus,Oviparous,Ctenotus_pantherinus,Ctenotus,Scincidae,80.5,32,-5.125,3.229,254.810,98.203,11,3,6.6,3.6,131.07,-23.88,Cathemeral,33.1,34.1
Ctenotus_piankai,Oviparous,Ctenotus_piankai,Ctenotus,Scincidae,52.4,26,-5.125,3.229,164.075,78.829,5,1,3,2.5,124.23,-24.54,Diurnal,34.7,37.5
Ctenotus_quattuordecimlineatus,Oviparous,Ctenotus_quattuordecimlineatus,Ctenotus,Scincidae,61.1,29.5,-5.125,3.229,192.167,90.131,4,2,3.6,3,127.93,-23.44,Diurnal,35.7,36.1
Ctenotus_regius,Oviparous,Ctenotus_regius,Ctenotus,Scincidae,60,29,-5.125,3.229,188.615,88.516,4,1,3,2,139.43,-28.47,Diurnal,36.4,36.4
Ctenotus_robustus,Oviparous,Ctenotus_robustus,Ctenotus,Scincidae,98.6,36,-5.125,3.229,313.254,111.119,9,3,6,4,141.6,-25.36,Diurnal,34.4,35
Ctenotus_schomburgkii,Oviparous,Ctenotus_schomburgkii,Ctenotus,Scincidae,43.5,21.5,-5.125,3.229,135.337,64.299,4,1,3,2,128.68,-27.06,Diurnal,33.3,33.4
Ctenotus_taeniolatus,Oviparous,Ctenotus_taeniolatus,Ctenotus,Scincidae,69.2,30,-5.125,3.229,218.322,91.745,7,1,4.6,3,148.36,-26.49,Diurnal,25,35.3
Cyclodomorphus_branchialis,Viviparous,Cyclodomorphus_branchialis,Cyclodomorphus,Scincidae,91.3,42,-5.125,3.229,289.683,130.493,5,2,3,3,115.74,-28.57,Cathemeral,34.7,34.7
Cyclodomorphus_casuarinae,Viviparous,Cyclodomorphus_casuarinae,Cyclodomorphus,Scincidae,123.7,43.3,-5.125,3.229,394.302,134.691,19,2,7.6,4,146.59,-41.94,Cathemeral,27.1,32.6
Cyclodomorphus_melanops,Viviparous,Cyclodomorphus_melanops,Cyclodomorphus,Scincidae,95.2,41.3,-5.125,3.229,302.276,128.233,4,1,3,2.4,127.82,-25.19,Cathemeral,34.8,34.8
Cyclura_carinata,Oviparous,Cyclura_carinata,Cyclura,Iguanidae,228.6,79.8,-4.298,2.972,675.101,232.868,9,2,4.3,4.3,-71.73,21.73,Diurnal,36.7,38.6
Cyclura_nubila,Oviparous,Cyclura_nubila,Cyclura,Iguanidae,352.5,102.5,-4.298,2.972,1043.332,300.332,30,2,15,5.6,-79.2,21.67,Diurnal,38.6,38.6
Cyclura_pinguis,Oviparous,Cyclura_pinguis,Cyclura,Iguanidae,457,97.5,-4.298,2.972,1353.906,285.472,20,7,14,10.6,-64.34,18.73,Diurnal,35.3,35.3
Cyrtodactylus_soba,Oviparous,Cyrtodactylus_soba,Cyrtodactylus,Gekkonidae,97.7,39.5,-4.242,2.761,265.508,104.818,2,2,2,2,80.77,7.39,Nocturnal,25.6,25.6
Cyrtodactylus_triedrus,Oviparous,Cyrtodactylus_triedrus,Cyrtodactylus,Gekkonidae,51,23,-4.242,2.761,136.569,59.261,2,2,2,2,80.8,7.05,Nocturnal,23.4,23.4
Dalmatolacerta_oxycephala,Oviparous,Dalmatolacerta_oxycephala,Dalmatolacerta,Lacertidae,57.9,23.4,-4.543,2.951,166.320,64.510,6,2,3.5,3.3,17.64,43.27,Diurnal,31.6,34.6
Darevskia_praticola,Oviparous,Darevskia_praticola,Darevskia,Lacertidae,51.1,22.5,-4.543,2.951,146.253,61.855,7,2,5.7,4,45.42,42.09,Diurnal,29,29
Delma_butleri,Oviparous,Delma_butleri,Delma,Pygopodidae,82.6,36,-2.039,1.371,111.206,47.317,2,2,2,2,129.25,-27.38,Cathemeral,31.7,31.7
Delma_fraseri,Oviparous,Delma_fraseri,Delma,Pygopodidae,110.7,44.5,-2.039,1.371,149.731,58.971,2,2,2,2,119.68,-31.73,Cathemeral,31.7,31.7
Dinarolacerta_mosorensis,Oviparous,Dinarolacerta_mosorensis,Dinarolacerta,Lacertidae,63.9,25.5,-4.543,2.951,184.026,70.708,8,2,5.2,4.3,18.24,43.05,Diurnal,34,34
Diplodactylus_conspicillatus,Oviparous,Diplodactylus_conspicillatus,Diplodactylus,Diplodactylidae,58.5,25.5,-4.804,3.057,174.031,73.150,2,1,2,2,131.55,-24,Nocturnal,27.7,34.3
Diplodactylus_granariensis,Oviparous,Diplodactylus_granariensis,Diplodactylus,Diplodactylidae,57.8,22.8,-4.804,3.057,171.891,64.896,2,2,2,2,118.26,-30.93,Nocturnal,20.9,20.9
Diplodactylus_pulcher,Oviparous,Diplodactylus_pulcher,Diplodactylus,Diplodactylidae,53,26.5,-4.804,3.057,157.217,76.207,2,1,2,1.8,120.83,-27.89,Nocturnal,27.4,28.2
Diplodactylus_tessellatus,Oviparous,Diplodactylus_tessellatus,Diplodactylus,Diplodactylidae,54.1,23,-4.804,3.057,160.580,65.507,2,2,2,2,140.52,-26.58,Nocturnal,25,25
Diporiphora_amphiboluroides,Oviparous,Diporiphora_amphiboluroides,Diporiphora,Agamidae,87.9,38,-4.686,3.105,268.244,113.304,12,12,12,12,120.07,-26.73,Diurnal,36.6,36.6
Diporiphora_paraconvergens,Oviparous,Diporiphora_paraconvergens,Diporiphora,Agamidae,56.5,31.5,-4.686,3.105,170.747,93.122,3,3,3,3,125.22,-23.21,Diurnal,33.7,34
Diporiphora_winneckei,Oviparous,Diporiphora_winneckei,Diporiphora,Agamidae,59.7,21,-4.686,3.105,180.683,60.519,7,1,3,3,129.07,-24.59,Diurnal,32.9,37.7
Dipsosaurus_dorsalis,Oviparous,Dipsosaurus_dorsalis,Dipsosaurus,Iguanidae,114,45.5,-4.298,2.972,334.510,130.928,8,2,5.5,3.5,-113.6,31.79,Diurnal,37.1,42.1
Draco_volans,Oviparous,Draco_volans,Draco,Agamidae,78,26.5,-4.686,3.105,237.504,77.597,7,1,4.5,4.5,110.24,-7.35,Diurnal,27.9,30.6
Egernia_depressa,Viviparous,Egernia_depressa,Egernia,Scincidae,104.6,56,-5.125,3.229,332.628,175.699,3,2,2,2,121.88,-24.8,Diurnal,33.9,34.2
Egernia_stokesii,Viviparous,Egernia_stokesii,Egernia,Scincidae,182.3,75.5,-5.125,3.229,583.522,238.665,8,1,5.8,3,132.72,-27.05,Diurnal,29.3,36
Egernia_striolata,Viviparous,Egernia_striolata,Egernia,Scincidae,107,50.5,-5.125,3.229,340.378,157.940,6,2,4.3,3.3,146.04,-28.47,Diurnal,30.2,32.7
Elgaria_coerulea,Viviparous,Elgaria_coerulea,Elgaria,Anguidae,91.9,30.5,-5.224,2.892,260.551,82.982,15,2,7,3.8,-120.43,46.37,Diurnal,15.8,26.5
Elgaria_kingii,Oviparous,Elgaria_kingii,Elgaria,Anguidae,109,33,-5.224,2.892,310.004,90.212,15,9,12,12,-108.07,29.04,Diurnal,34,34.3
Elgaria_multicarinata,Oviparous,Elgaria_multicarinata,Elgaria,Anguidae,119.7,31,-5.224,2.892,340.948,84.428,41,1,13,8.8,-120.02,37.28,Cathemeral,21,28
Elgaria_paucicarinata,Oviparous,Elgaria_paucicarinata,Elgaria,Anguidae,91,40,-5.224,2.892,257.948,110.456,8,6,7,7,-109.98,23.59,Diurnal,25.4,25.4
Emoia_cyanura,Oviparous,Emoia_cyanura,Emoia,Scincidae,46.4,21.5,-5.125,3.229,144.701,64.299,2,1,2,2,137.9,-13.78,Diurnal,30.6,36.6
Emoia_nigra,Oviparous,Emoia_nigra,Emoia,Scincidae,102.4,35,-5.125,3.229,325.525,107.890,5,2,2.9,2.3,142.21,-11.9,Diurnal,30.6,32.5
Emoia_oriva,Oviparous,Emoia_oriva,Emoia,Scincidae,81.6,35.7,-5.125,3.229,258.361,110.150,2,2,2,2,177.07,-12.5,Diurnal,30.9,30.9
Enyalioides_laticeps,Oviparous,Enyalioides_laticeps,Enyalioides,Hoplocercidae,114.6,43,-5.033,3.243,366.615,134.416,11,5,6.3,6.2,-73.13,-3.72,Diurnal,25,25
Eremias_argus,Oviparous,Eremias_argus,Eremias,Lacertidae,57.2,27.5,-4.543,2.951,164.254,76.610,6,2,3.5,3,115.33,42.4,Diurnal,37.5,37.5
Eremias_arguta,Oviparous,Eremias_arguta,Eremias,Lacertidae,72,30,-4.543,2.951,207.929,83.987,12,1,4.5,3,60.98,47.46,Diurnal,30.2,30.2
Eremias_multiocellata,Viviparous,Eremias_multiocellata,Eremias,Lacertidae,58.5,26.2,-4.543,2.951,168.091,72.773,5,1,3.4,2.3,97.1,41.7,Diurnal,36.6,36.6
Eremiascincus_fasciolatus,Oviparous,Eremiascincus_fasciolatus,Eremiascincus,Scincidae,69.1,34,-5.125,3.229,217.999,104.661,8,2,3.9,3.9,150.71,-25.26,Nocturnal,28.1,28.1
Eremiascincus_richardsonii,Oviparous,Eremiascincus_richardsonii,Eremiascincus,Scincidae,86.3,32.5,-5.125,3.229,273.538,99.818,8,1,5.5,4.5,131.93,-25.57,Nocturnal,26.2,26.2
Eulamprus_quoyii,Viviparous,Eulamprus_quoyii,Eulamprus,Scincidae,102.7,38.6,-5.125,3.229,326.493,119.514,10,2,6.7,4,148.72,-28.84,Diurnal,28.1,30
Eulamprus_tympanum,Viviparous,Eulamprus_tympanum,Eulamprus,Scincidae,88.1,35.5,-5.125,3.229,279.350,109.505,9,1,3.9,2.7,145.61,-36.77,Diurnal,26.1,31.5
Eutropis_multifasciata,Viviparous,Eutropis_multifasciata,Eutropis,Scincidae,104.4,38,-5.125,3.229,331.983,117.577,10,1,6,3.8,106.65,14.85,Diurnal,30.8,33.7
Gallotia_atlantica,Oviparous,Gallotia_atlantica,Gallotia,Lacertidae,61,30.1,-4.543,2.951,175.468,84.282,6,1,2.7,1.7,-13.94,28.6,Diurnal,32.9,33.8
Gallotia_caesaris,Oviparous,Gallotia_caesaris,Gallotia,Lacertidae,73,33.2,-4.543,2.951,210.880,93.430,5,1,3.8,2.5,-17.56,27.95,Diurnal,35.3,35.7
Gallotia_galloti,Oviparous,Gallotia_galloti,Gallotia,Lacertidae,87.7,37.5,-4.543,2.951,254.260,106.120,9,2,5.2,3,-16.89,28.39,Diurnal,31.6,33.5
Gallotia_simonyi,Oviparous,Gallotia_simonyi,Gallotia,Lacertidae,159.7,51,-4.543,2.951,466.732,145.958,13,4,11.7,8.6,-18.03,27.72,Diurnal,33.2,35.6
Gallotia_stehlini,Oviparous,Gallotia_stehlini,Gallotia,Lacertidae,185.9,43.5,-4.543,2.951,544.048,123.826,16,4,10.3,9.8,-15.39,28,Diurnal,33.5,33.7
Gambelia_sila,Oviparous,Gambelia_sila,Gambelia,Crotaphytidae,97.5,45,-1.528,1.569,151.450,69.077,6,1,3.4,2.9,-120.06,36.12,Diurnal,38,39.2
Gambelia_wislizenii,Oviparous,Gambelia_wislizenii,Gambelia,Crotaphytidae,110.5,44,-1.528,1.569,171.847,67.508,14,1,7.6,2.7,-112.18,35.5,Diurnal,37.3,39.3
Gehyra_punctata,Oviparous,Gehyra_punctata,Gehyra,Gekkonidae,49.3,23,-4.242,2.761,131.875,59.261,2,1,2,1,118.64,-25.4,Nocturnal,20.6,34.6
Gehyra_variegata,Oviparous,Gehyra_variegata,Gehyra,Gekkonidae,49.3,23,-4.242,2.761,131.875,59.261,2,1,1,1,136.59,-28.92,Nocturnal,20.1,35.3
Gerrhonotus_parvus,Oviparous,Gerrhonotus_parvus,Gerrhonotus,Anguidae,75.3,25,-5.224,2.892,212.544,67.076,8,4,7,7,-100.13,25.07,Diurnal,21.5,21.5
Gerrhosaurus_flavigularis,Oviparous,Gerrhosaurus_flavigularis,Gerrhosaurus,Gerrhosauridae,131,46.8,-4.783,3.085,399.352,139.595,8,3,5,4,31.73,-17.56,Diurnal,33.3,33.3
Gonatodes_albogularis,Oviparous,Gonatodes_albogularis,Gonatodes,Sphaerodactylidae,40.7,18.3,-4.558,2.97,116.321,49.793,2,1,2,1,-78.25,10.2,Diurnal,27.2,27.2
Gonatodes_concinnatus,Oviparous,Gonatodes_concinnatus,Gonatodes,Sphaerodactylidae,42,18.5,-4.558,2.97,120.182,50.387,1,1,1,1,-72.66,0.46,Diurnal,26.4,29
Gonatodes_hasemani,Oviparous,Gonatodes_hasemani,Gonatodes,Sphaerodactylidae,41.6,21.7,-4.558,2.97,118.994,59.891,1,1,1,1,-64.62,-8.71,Diurnal,30.6,30.6
Gonatodes_humeralis,Oviparous,Gonatodes_humeralis,Gonatodes,Sphaerodactylidae,35.3,17,-4.558,2.97,100.283,45.932,2,1,1.7,1,-60.83,-4.82,Diurnal,28.4,30.3
Goniurosaurus_kuroiwae,Oviparous,Goniurosaurus_kuroiwae,Goniurosaurus,Eublepharidae,87.7,34,-5.201,3.255,280.263,105.469,2,2,2,2,128.06,26.7,Nocturnal,25.5,26.4
Gonocephalus_liogaster,Oviparous,Gonocephalus_liogaster,Gonocephalus,Agamidae,113,33.5,-4.686,3.105,346.179,99.332,4,1,3.2,3,113.25,2.7,Diurnal,25.7,25.7
Gowidon_longirostris,Oviparous,Gowidon_longirostris,Gowidon,Agamidae,92.1,28.5,-4.686,3.105,281.285,83.807,15,3,5.5,3.9,125.59,-24.52,Diurnal,33.7,37.1
Gowidon_temporalis,Oviparous,Gowidon_temporalis,Gowidon,Agamidae,84.9,37,-4.686,3.105,258.929,110.199,8,2,4.5,4.5,134.9,-13.35,Diurnal,27.2,34
Gymnodactylus_amarali,Oviparous,Gymnodactylus_amarali,Gymnodactylus,Phyllodactylidae,44.5,20,-4.482,2.945,126.571,54.418,2,1,1.8,1.7,-47.57,-12.48,Nocturnal,30.2,31.3
Gymnodactylus_geckoides,Oviparous,Gymnodactylus_geckoides,Gymnodactylus,Phyllodactylidae,40.2,20.3,-4.482,2.945,113.907,55.302,2,1,2,1,-39.39,-9.12,Cathemeral,30.2,33.5
Heliobolus_lugubris,Oviparous,Heliobolus_lugubris,Heliobolus,Lacertidae,58.9,20.5,-4.543,2.951,169.271,55.953,6,1,3.9,3.4,21.32,-20.86,Diurnal,37.5,38.6
Hellenolacerta_graeca,Oviparous,Hellenolacerta_graeca,Hellenolacerta,Lacertidae,77.5,28.5,-4.543,2.951,224.160,79.561,6,1,4,3,22.27,37.5,Diurnal,29.3,33.4
Heloderma_horridum,Oviparous,Heloderma_horridum,Heloderma,Helodermatidae,363.9,121,-5.058,3.145,1139.408,375.487,22,2,9,7,-102.91,20.97,Cathemeral,28.8,30.2
Heloderma_suspectum,Oviparous,Heloderma_suspectum,Heloderma,Helodermatidae,299.7,136.5,-5.058,3.145,937.499,424.235,13,1,5.7,5,-111.69,32.2,Cathemeral,27.2,30
Hemidactylus_angulatus,Oviparous,Hemidactylus_angulatus,Hemidactylus,Gekkonidae,58,21,-4.242,2.761,155.896,53.739,2,1,2,2,15.74,9.4,Nocturnal,29.4,32.4
Hemidactylus_flaviviridis,Oviparous,Hemidactylus_flaviviridis,Hemidactylus,Gekkonidae,62.9,25.5,-4.242,2.761,169.425,66.164,3,1,2,2,70.71,23.92,Cathemeral,27.2,27.2
Hemidactylus_frenatus,Oviparous,Hemidactylus_frenatus,Hemidactylus,Gekkonidae,52.7,21,-4.242,2.761,141.263,53.739,2,1,2,1.9,104.19,11.35,Nocturnal,24.9,29.1
Hemidactylus_mabouia,Oviparous,Hemidactylus_mabouia,Hemidactylus,Gekkonidae,58.2,22.5,-4.242,2.761,156.448,57.881,2,1,2,1.7,22.53,-3.95,Cathemeral,24.1,34.5
Hemidactylus_turcicus,Oviparous,Hemidactylus_turcicus,Hemidactylus,Gekkonidae,48,23.5,-4.242,2.761,128.286,60.642,3,1,2,2,25.84,30.18,Nocturnal,16.4,31.3
Hemiergis_peronii,Viviparous,Hemiergis_peronii,Hemiergis,Scincidae,62.6,26,-5.125,3.229,197.010,78.829,6,1,3.4,2,127.92,-32.58,Nocturnal,23.6,26.3
Heremites_vittatus,Viviparous,Heremites_vittatus,Heremites,Scincidae,71.2,26,-5.125,3.229,224.780,78.829,10,1,5.2,4.5,29.41,35.93,Diurnal,32,34.5
Hesperoedura_reticulata,Oviparous,Hesperoedura_reticulata,Hesperoedura,Diplodactylidae,64.3,26,-4.804,3.057,191.761,74.678,3,2,2.1,2,118.74,-32.55,Nocturnal,22.5,22.5
Heteronotia_binoei,Oviparous,Heteronotia_binoei,Heteronotia,Gekkonidae,48.1,19.5,-4.242,2.761,128.562,49.598,2,1,2,2,134.05,-24.87,Nocturnal,27,35.3
Holbrookia_elegans,Oviparous,Holbrookia_elegans,Holbrookia,Phrynosomatidae,54,25,-3.855,2.677,140.703,63.070,5,5,5,5,-109.45,28.13,Diurnal,35.9,36.8
Holbrookia_maculata,Oviparous,Holbrookia_maculata,Holbrookia,Phrynosomatidae,54.2,21,-3.855,2.677,141.238,52.362,12,1,10.8,3.5,-103.94,33.43,Diurnal,33,39.5
Holbrookia_propinqua,Oviparous,Holbrookia_propinqua,Holbrookia,Phrynosomatidae,51.7,26.5,-3.855,2.677,134.546,67.086,7,2,4.7,2.8,-98.21,27.93,Diurnal,37.9,37.9
Holcosus_festivus,Oviparous,Holcosus_festivus,Holcosus,Teiidae,88,37,-4.747,3.11,268.933,110.323,10,1,3.5,2,-81.78,10.92,Diurnal,34.4,37.7
Holcosus_quadrilineatus,Oviparous,Holcosus_quadrilineatus,Holcosus,Teiidae,69.1,31,-4.747,3.11,210.154,91.663,4,1,2.1,2,-82.7,9.04,Diurnal,37.3,37.6
Holcosus_undulatus,Oviparous,Holcosus_undulatus,Holcosus,Teiidae,92,34.7,-4.747,3.11,281.373,103.170,9,1,5.3,3.3,-93.99,17.7,Diurnal,37,39.6
Homonota_darwinii,Oviparous,Homonota_darwinii,Homonota,Phyllodactylidae,40.7,21.1,-4.482,2.945,115.380,57.658,1,1,1,1,-68.67,-43.32,Nocturnal,22,29
Hoplodactylus_duvaucelii,Viviparous,Hoplodactylus_duvaucelii,Hoplodactylus,Diplodactylidae,115.9,37.5,-4.804,3.057,349.502,109.834,2,2,2,2,175.35,-39.62,Nocturnal,13.1,25
Iberolacerta_aranica,Oviparous,Iberolacerta_aranica,Iberolacerta,Lacertidae,57.1,25.4,-4.543,2.951,163.959,70.412,5,2,3.4,2.5,1.11,42.78,Diurnal,29.2,29.5
Iberolacerta_aurelioi,Oviparous,Iberolacerta_aurelioi,Iberolacerta,Lacertidae,55.1,28.2,-4.543,2.951,158.057,78.675,4,1,2.5,2.5,1.4,42.63,Diurnal,28.1,28.1
Iberolacerta_bonnali,Oviparous,Iberolacerta_bonnali,Iberolacerta,Lacertidae,55.9,24.4,-4.543,2.951,160.418,67.461,4,1,3,3,0.37,42.72,Diurnal,29,30.9
Iberolacerta_cyreni,Oviparous,Iberolacerta_cyreni,Iberolacerta,Lacertidae,73.9,26.5,-4.543,2.951,213.536,73.659,9,2,7.2,5.4,-4.6,40.58,Diurnal,27.1,29.4
Iberolacerta_horvathi,Oviparous,Iberolacerta_horvathi,Iberolacerta,Lacertidae,56.5,24.8,-4.543,2.951,162.189,68.642,10,1,3.7,3.3,14.16,45.77,Diurnal,28.7,34.5
Iberolacerta_martinezricai,Oviparous,Iberolacerta_martinezricai,Iberolacerta,Lacertidae,60.4,24.8,-4.543,2.951,173.697,68.642,4,4,4,4,-6.19,40.5,Diurnal,33.3,33.3
Iberolacerta_monticola,Oviparous,Iberolacerta_monticola,Iberolacerta,Lacertidae,66.3,24.1,-4.543,2.951,191.108,66.576,10,2,7.2,5.4,-5.39,42.79,Diurnal,29.3,33.6
Iguana_iguana,Oviparous,Iguana_iguana,Iguana,Iguanidae,318.4,77.5,-4.298,2.972,941.987,226.032,71,9,40.6,17,-64.24,-1.76,Diurnal,33,36.2
Intellagama_lesueurii,Oviparous,Intellagama_lesueurii,Intellagama,Agamidae,209.7,47,-4.686,3.105,646.433,141.249,24,3,12,7.4,149.02,-28.61,Diurnal,29.4,29.4
Iphisa_elegans,Oviparous,Iphisa_elegans,Iphisa,Gymnophthalmidae,53.1,27,-5.178,3.302,170.158,83.976,2,1,2,2,-63.42,-4.38,Diurnal,28.2,30.8
Kentropyx_altamazonica,Oviparous,Kentropyx_altamazonica,Kentropyx,Teiidae,86.7,31.9,-4.747,3.11,264.890,94.462,9,2,7,5.3,-66.74,-6.14,Diurnal,34.8,35.9
Kentropyx_calcarata,Oviparous,Kentropyx_calcarata,Kentropyx,Teiidae,91.4,33.5,-4.747,3.11,279.507,99.438,10,1,6.7,3,-56.59,-5.59,Diurnal,34.2,37.6
Kentropyx_pelviceps,Oviparous,Kentropyx_pelviceps,Kentropyx,Teiidae,101.7,37.5,-4.747,3.11,311.540,111.878,8,2,6.5,2.6,-69.83,-4.82,Diurnal,33.9,34.1
Kentropyx_striata,Oviparous,Kentropyx_striata,Kentropyx,Teiidae,82.3,30.5,-4.747,3.11,251.206,90.108,12,2,5.8,2.3,-60.44,3.22,Diurnal,35.7,38.2
Lacerta_agilis,Oviparous,Lacerta_agilis,Lacerta,Lacertidae,77.6,27,-4.543,2.951,224.455,75.134,21,1,11.5,5.3,53.43,52.17,Diurnal,29.8,34.6
Lacerta_media,Oviparous,Lacerta_media,Lacerta,Lacertidae,113.7,32,-4.543,2.951,330.986,89.889,18,1,12.4,10,42.89,38.04,Diurnal,26.1,26.1
Lacerta_schreiberi,Oviparous,Lacerta_schreiberi,Lacerta,Lacertidae,111,30.8,-4.543,2.951,323.018,86.348,24,4,13.7,11,-6.18,41.22,Diurnal,31,31.1
Lacerta_trilineata,Oviparous,Lacerta_trilineata,Lacerta,Lacertidae,110.7,42,-4.543,2.951,322.133,119.399,30,3,10,8,25.96,40.5,Diurnal,31.3,32.3
Lacerta_viridis,Oviparous,Lacerta_viridis,Lacerta,Lacertidae,102.4,32.5,-4.543,2.951,297.639,91.365,24,4,12.9,5.1,24.12,45.45,Diurnal,33.9,33.9
Lamprolepis_smaragdina,Oviparous,Lamprolepis_smaragdina,Lamprolepis,Scincidae,89,36,-5.125,3.229,282.256,111.119,6,1,2.2,1.9,129.67,2.71,Diurnal,30.3,30.3
Lampropholis_delicata,Oviparous,Lampropholis_delicata,Lampropholis,Scincidae,40,17.6,-5.125,3.229,124.035,51.705,8,1,4.7,2,148.44,-29.41,Diurnal,26.1,26.1
Lampropholis_guichenoti,Oviparous,Lampropholis_guichenoti,Lampropholis,Scincidae,40.5,19,-5.125,3.229,125.650,56.226,6,1,3.8,1.8,147.72,-34.08,Diurnal,26.8,33.8
Lankascincus_fallax,Oviparous,Lankascincus_fallax,Lankascincus,Scincidae,39.2,18.3,-5.125,3.229,121.452,53.966,2,1,2,1.8,80.71,7.65,Diurnal,22.5,22.5
Latastia_longicaudata,Oviparous,Latastia_longicaudata,Latastia,Lacertidae,85.5,32.5,-4.543,2.951,247.768,91.365,10,3,6.8,6.8,24,12.48,Diurnal,37.8,37.8
Laudakia_tuberculata,Oviparous,Laudakia_tuberculata,Laudakia,Agamidae,112.9,30.5,-4.686,3.105,345.869,90.017,15,4,9.9,8.9,77.67,32.36,Diurnal,33.1,34.6
Leiocephalus_carinatus,Oviparous,Leiocephalus_carinatus,Leiocephalus,Leiocephalidae,91.1,34,-5.033,3.243,290.404,105.229,11,1,4.1,4,-78.75,21.91,Diurnal,33.2,35.6
Leiocephalus_schreibersii,Oviparous,Leiocephalus_schreibersii,Leiocephalus,Leiocephalidae,59.7,29.5,-5.033,3.243,188.574,90.636,4,1,2.5,2.5,-71.97,19.05,Diurnal,34.9,37.6
Leiocephalus_semilineatus,Oviparous,Leiocephalus_semilineatus,Leiocephalus,Leiocephalidae,42.2,25,-5.033,3.243,131.822,76.042,4,1,1.8,1.8,-71.2,18.51,Diurnal,36.1,37
Leiocephalus_stictigaster,Oviparous,Leiocephalus_stictigaster,Leiocephalus,Leiocephalidae,55.1,22.8,-5.033,3.243,173.656,68.907,2,1,1.3,1.3,-78.92,21.57,Diurnal,34.3,34.6
Lepidodactylus_lugubris,Oviparous,Lepidodactylus_lugubris,Lepidodactylus,Gekkonidae,40.6,17.5,-4.242,2.761,107.855,44.076,3,1,2,1,104.63,12.59,Nocturnal,26.5,32.5
Lerista_bipes,Oviparous,Lerista_bipes,Lerista,Scincidae,52.7,24.5,-5.125,3.229,165.043,73.986,3,2,2.3,2,127.08,-22.29,Nocturnal,31.2,31.2
Lerista_punctatovittata,Oviparous,Lerista_punctatovittata,Lerista,Scincidae,95.3,39,-5.125,3.229,302.599,120.806,5,1,3.3,1,145.15,-30.08,Cathemeral,30.4,30.4
Lialis_burtonis,Oviparous,Lialis_burtonis,Lialis,Pygopodidae,199.3,70.5,-2.039,1.371,271.201,94.617,3,1,2,1.7,134.33,-25.05,Cathemeral,29,29
Liolaemus_andinus,Viviparous,Liolaemus_andinus,Liolaemus,Liolaemidae,85.6,28,-4.678,3.097,260.425,82.038,6,5,5.8,5.8,-67.79,-24.86,Diurnal,30.6,30.6
Liolaemus_bibronii,Oviparous,Liolaemus_bibronii,Liolaemus,Liolaemidae,53.3,27,-4.678,3.097,160.392,78.941,5,1,3,2.5,-68.8,-42.54,Diurnal,27.2,34.5
Liolaemus_boulengeri,Oviparous,Liolaemus_boulengeri,Liolaemus,Liolaemidae,60.3,24.9,-4.678,3.097,182.071,72.437,6,2,4.6,3.6,-68.47,-42.88,Diurnal,27.8,35.7
Liolaemus_chacoensis,Oviparous,Liolaemus_chacoensis,Liolaemus,Liolaemidae,44.2,17,-4.678,3.097,132.209,47.971,7,6,6.1,6.1,-64.12,-27.66,Diurnal,33.1,36.5
Liolaemus_cyanogaster,Viviparous,Liolaemus_cyanogaster,Liolaemus,Liolaemidae,59.8,24.5,-4.678,3.097,180.523,71.199,10,7,7.5,7.5,-72,-39.78,Diurnal,32.9,32.9
Liolaemus_elongatus,Viviparous,Liolaemus_elongatus,Liolaemus,Liolaemidae,75.8,28.6,-4.678,3.097,230.075,83.896,7,2,5,2.8,-69.75,-39.47,Diurnal,29.8,35
Liolaemus_gracilis,Oviparous,Liolaemus_gracilis,Liolaemus,Liolaemidae,50.3,23.6,-4.678,3.097,151.101,68.411,7,1,4.8,3.7,-67.04,-38.16,Diurnal,32.9,40.8
Liolaemus_huacahuasicus,unclear,Liolaemus_huacahuasicus,Liolaemus,Liolaemidae,61.6,26,-4.678,3.097,186.097,75.844,8,2,5.4,4.2,-65.78,-26.64,Diurnal,31.5,32
Liolaemus_koslowskyi,Oviparous,Liolaemus_koslowskyi,Liolaemus,Liolaemidae,59.8,22,-4.678,3.097,180.523,63.456,10,1,5.6,4.2,-67.03,-28.19,Diurnal,34.1,36.2
Liolaemus_kriegi,Viviparous,Liolaemus_kriegi,Liolaemus,Liolaemidae,99.8,36,-4.678,3.097,304.403,106.814,4,4,4,4,-70.24,-40.41,Diurnal,30.8,33.8
Liolaemus_lineomaculatus,Viviparous,Liolaemus_lineomaculatus,Liolaemus,Liolaemidae,55.5,25,-4.678,3.097,167.206,72.747,6,2,4,3.1,-70.06,-46.4,Diurnal,25.8,28
Liolaemus_lutzae,Oviparous,Liolaemus_lutzae,Liolaemus,Liolaemidae,60.8,28.1,-4.678,3.097,183.620,82.348,4,1,3,2.3,-42.86,-22.92,Diurnal,31.2,34.1
Liolaemus_magellanicus,Viviparous,Liolaemus_magellanicus,Liolaemus,Liolaemidae,59.1,24,-4.678,3.097,178.355,69.650,9,2,6,2,-71.28,-50.65,Diurnal,23.4,27
Liolaemus_multimaculatus,Oviparous,Liolaemus_multimaculatus,Liolaemus,Liolaemidae,59.8,27.9,-4.678,3.097,180.523,81.728,7,3,4.2,4.2,-60.81,-39.36,Diurnal,32.1,34.2
Liolaemus_olongasta,Oviparous,Liolaemus_olongasta,Liolaemus,Liolaemidae,57.7,26,-4.678,3.097,174.019,75.844,8,1,3.8,3.2,-68.78,-30.81,Diurnal,32.1,36.6
Liolaemus_pictus,Viviparous,Liolaemus_pictus,Liolaemus,Liolaemidae,60,27.5,-4.678,3.097,181.142,80.490,8,1,4.5,3.4,-72.31,-39.78,Diurnal,28.8,35.4
Liolaemus_rothi,Oviparous,Liolaemus_rothi,Liolaemus,Liolaemidae,86,27,-4.678,3.097,261.664,78.941,9,1,7,6,-68.87,-40.97,Diurnal,36,36.6
Liolaemus_ruibali,Viviparous,Liolaemus_ruibali,Liolaemus,Liolaemidae,56.8,19,-4.678,3.097,171.232,54.165,4,3,3.9,3.9,-69.48,-31.71,Diurnal,24.4,32.9
Liolaemus_signifer,Viviparous,Liolaemus_signifer,Liolaemus,Liolaemidae,89.3,28,-4.678,3.097,271.884,82.038,7,5,6.4,5.8,-67.66,-19.69,Diurnal,31,34
Liolaemus_wiegmannii,Oviparous,Liolaemus_wiegmannii,Liolaemus,Liolaemidae,51.7,20,-4.678,3.097,155.437,57.262,8,2,5.4,3.5,-62.49,-32.91,Diurnal,33.7,34.4
Liopholis_inornata,Viviparous,Liopholis_inornata,Liopholis,Scincidae,73.4,33.5,-5.125,3.229,231.884,103.047,4,1,3,2,131.51,-27.68,Cathemeral,30.1,30.1
Liopholis_kintorei,Viviparous,Liopholis_kintorei,Liopholis,Scincidae,187,75.5,-5.125,3.229,598.698,238.665,7,1,6,6,126.94,-23.58,Nocturnal,25.2,25.2
Liopholis_modesta,Viviparous,Liopholis_modesta,Liopholis,Scincidae,101.3,42.2,-5.125,3.229,321.973,131.139,5,1,2.7,2.7,150.47,-29.13,Diurnal,27.7,27.7
Liopholis_striata,Viviparous,Liopholis_striata,Liopholis,Scincidae,91.5,41,-5.125,3.229,290.329,127.264,4,1,2.7,2.6,126.32,-24.33,Cathemeral,30,30.9
Liopholis_whitii,Viviparous,Liopholis_whitii,Liopholis,Scincidae,87.9,38.5,-5.125,3.229,278.704,119.192,5,1,3.5,2.3,146.67,-33.63,Diurnal,31.9,34.1
Lobulia_stellaris,Viviparous,Lobulia_stellaris,Lobulia,Scincidae,58.7,27,-5.125,3.229,184.417,82.058,3,2,2.1,2.1,141.05,-4.93,Diurnal,24.7,24.7
Lophognathus_gilberti,Oviparous,Lophognathus_gilberti,Lophognathus,Agamidae,84,28,-4.686,3.105,256.134,82.254,20,2,5.4,5.4,132.2,-13.65,Diurnal,33.7,33.7
Lophosaurus_spinipes,Oviparous,Lophosaurus_spinipes,Lophosaurus,Agamidae,119.5,31,-4.686,3.105,366.362,91.569,9,2,5,5,152.49,-29.66,Diurnal,19,19
Loxopholis_percarinatum,Oviparous,Loxopholis_percarinatum,Loxopholis,Gymnophthalmidae,32.3,15.9,-5.178,3.302,101.477,47.324,2,1,2,1.8,-59.04,-2.24,Diurnal,29.7,29.7
Lucasium_damaeum,Oviparous,Lucasium_damaeum,Lucasium,Diplodactylidae,53.3,20,-4.804,3.057,158.134,56.336,2,1,2,2,137.87,-29.04,Nocturnal,21,27.3
Lucasium_stenodactylum,Oviparous,Lucasium_stenodactylum,Lucasium,Diplodactylidae,53.3,24.5,-4.804,3.057,158.134,70.093,2,2,2,2,130.97,-22.7,Nocturnal,26.6,27.7
Lygisaurus_foliorum,Oviparous,Lygisaurus_foliorum,Lygisaurus,Scincidae,34.5,15,-5.125,3.229,106.276,43.310,3,1,2,1.9,150.69,-26.32,Diurnal,31.1,31.1
Lygodactylus_capensis,Oviparous,Lygodactylus_capensis,Lygodactylus,Gekkonidae,30.3,14,-4.242,2.761,79.416,34.412,2,1,2,1.9,28.23,-15.55,Diurnal,36,36
Lygodactylus_keniensis,Oviparous,Lygodactylus_keniensis,Lygodactylus,Gekkonidae,35,13.5,-4.242,2.761,92.393,33.032,2,2,2,2,37.91,3.46,Diurnal,34.2,34.2
Lygodactylus_klugei,Oviparous,Lygodactylus_klugei,Lygodactylus,Gekkonidae,29.1,13.5,-4.242,2.761,76.103,33.032,2,1,2,1.8,-40.06,-8.12,Diurnal,34,34
Lyriocephalus_scutatus,Oviparous,Lyriocephalus_scutatus,Lyriocephalus,Agamidae,141.2,47,-4.686,3.105,433.740,141.249,16,1,5,2.3,80.46,6.8,Diurnal,27.5,27.5
Mabuya_mabouya,Viviparous,Mabuya_mabouya,Mabuya,Scincidae,100.4,29,-5.125,3.229,319.067,88.516,2,2,2,2,-61.13,14.57,Diurnal,32.8,35.5
Mediodactylus_kotschyi,Oviparous,Mediodactylus_kotschyi,Mediodactylus,Gekkonidae,40.7,18.8,-4.242,2.761,108.131,47.665,3,1,2.3,1,29.67,38.85,Cathemeral,21.2,30.9
Menetia_greyii,Oviparous,Menetia_greyii,Menetia,Scincidae,32,13.5,-5.125,3.229,98.203,38.467,4,1,2.1,1,133.16,-25.31,Diurnal,32.8,33
Meroles_anchietae,Oviparous,Meroles_anchietae,Meroles,Lacertidae,44,26.5,-4.543,2.951,125.301,73.659,2,1,1.3,1.3,14.35,-21.35,Diurnal,30,32.1
Meroles_cuneirostris,Oviparous,Meroles_cuneirostris,Meroles,Lacertidae,49,26.8,-4.543,2.951,140.056,74.544,5,1,2.9,2.9,15.83,-25.58,Diurnal,33.6,33.6
Meroles_squamulosus,Oviparous,Meroles_squamulosus,Meroles,Lacertidae,56.3,29,-4.543,2.951,161.598,81.036,12,3,4,4,28.11,-17.83,Diurnal,36.1,36.8
Meroles_suborbitalis,Oviparous,Meroles_suborbitalis,Meroles,Lacertidae,59.5,26.5,-4.543,2.951,171.042,73.659,8,1,5.3,3.9,19.16,-27.59,Diurnal,34.8,38.8
Mesalina_brevirostris,Oviparous,Mesalina_brevirostris,Mesalina,Lacertidae,45,23.5,-4.543,2.951,128.252,64.806,6,1,3.9,3.9,48.45,28.89,Diurnal,35.5,35.8
Mesalina_guttulata,Oviparous,Mesalina_guttulata,Mesalina,Lacertidae,45.5,21,-4.543,2.951,129.728,57.428,10,1,5,4.2,15.46,23.82,Diurnal,27.7,34.9
Mesalina_olivieri,Oviparous,Mesalina_olivieri,Mesalina,Lacertidae,40.8,21,-4.543,2.951,115.858,57.428,8,1,4,3.4,9.75,29.29,Diurnal,29,33.4
Mesaspis_monticola,Viviparous,Mesaspis_monticola,Mesaspis,Anguidae,74.5,25,-5.224,2.892,210.230,67.076,10,2,5.4,3.4,-83.46,9.39,Diurnal,23.7,23.7
Micrablepharus_atticolus,Oviparous,Micrablepharus_atticolus,Micrablepharus,Gymnophthalmidae,37.1,16,-5.178,3.302,117.326,47.654,2,1,2,1.8,-52.64,-15.62,Diurnal,34.6,34.6
Micrablepharus_maximiliani,Oviparous,Micrablepharus_maximiliani,Micrablepharus,Gymnophthalmidae,40.8,22,-5.178,3.302,129.544,67.466,3,1,3,1.5,-48.09,-12.02,Diurnal,29.1,29.1
Microlophus_quadrivittatus,Oviparous,Microlophus_quadrivittatus,Microlophus,Tropiduridae,83.9,41,-3.884,2.719,224.240,107.595,5,2,3.2,3.2,-69.92,-21.54,Diurnal,34,36
Mochlus_sundevalli,Oviparous,Mochlus_sundevalli,Mochlus,Scincidae,93.2,24,-5.125,3.229,295.818,72.371,7,2,4.3,3.3,29.66,-11.39,Diurnal,32.7,32.7
Moloch_horridus,Oviparous,Moloch_horridus,Moloch,Agamidae,106.2,34.5,-4.686,3.105,325.065,102.437,10,3,8,6.5,126.82,-25.4,Diurnal,31.7,34.1
Morethia_boulengeri,Oviparous,Morethia_boulengeri,Morethia,Scincidae,47.3,19.5,-5.125,3.229,147.607,57.841,6,1,3.7,2.3,136.95,-25.2,Diurnal,28.9,34.1
Morethia_obscura,Oviparous,Morethia_obscura,Morethia,Scincidae,49,18.5,-5.125,3.229,153.096,54.612,5,1,3.1,3,130.68,-32.13,Diurnal,34.7,34.7
Naultinus_gemmeus,Viviparous,Naultinus_gemmeus,Naultinus,Diplodactylidae,69.5,33,-4.804,3.057,207.658,96.077,2,1,2,1.9,170.03,-44.82,Diurnal,20.5,20.5
Nephrurus_laevissimus,Oviparous,Nephrurus_laevissimus,Nephrurus,Carphodactylidae,69.7,33.6,-3.445,2.353,160.559,75.616,2,1,2,2,126.54,-26.89,Nocturnal,22.5,25
Nephrurus_levis,Oviparous,Nephrurus_levis,Nephrurus,Carphodactylidae,77,35.5,-3.445,2.353,177.736,80.087,2,1,2,2,130.73,-25.32,Nocturnal,15.1,23.2
Nephrurus_vertebralis,Oviparous,Nephrurus_vertebralis,Nephrurus,Carphodactylidae,79.6,37.1,-3.445,2.353,183.854,83.851,2,2,2,2,121.6,-26.39,Nocturnal,24.1,24.1
Notomabuya_frenata,Viviparous,Notomabuya_frenata,Notomabuya,Scincidae,73,29,-5.125,3.229,230.592,88.516,9,1,5.1,3.5,-55.26,-18.6,Diurnal,31.6,31.8
Nucras_intertexta,Oviparous,Nucras_intertexta,Nucras,Lacertidae,72.4,28,-4.543,2.951,209.109,78.085,8,2,6,4,24.31,-23.37,Diurnal,38.9,38.9
Nucras_tessellata,Oviparous,Nucras_tessellata,Nucras,Lacertidae,72.7,32,-4.543,2.951,209.995,89.889,7,3,4.7,3.3,17.95,-25.68,Diurnal,39.2,40
Oedura_marmorata,Oviparous,Oedura_marmorata,Oedura,Diplodactylidae,96.3,36.5,-4.804,3.057,289.585,106.777,2,2,2,2,133.26,-22.67,Nocturnal,18,32.8
Oedura_tryoni,Oviparous,Oedura_tryoni,Oedura,Diplodactylidae,80,36,-4.804,3.057,239.756,105.248,2,2,2,2,150.76,-26.37,Nocturnal,21.8,21.8
Oligosoma_grande,Viviparous,Oligosoma_grande,Oligosoma,Scincidae,93.8,38,-5.125,3.229,297.755,117.577,4,2,2.4,1.9,169.77,-45.12,Diurnal,23.6,23.6
Oligosoma_maccanni,Viviparous,Oligosoma_maccanni,Oligosoma,Scincidae,58.3,26.1,-5.125,3.229,183.126,79.152,9,1,3.7,2.8,170.07,-44.79,Diurnal,21.5,25.2
Oligosoma_otagense,Viviparous,Oligosoma_otagense,Oligosoma,Scincidae,114.2,43,-5.125,3.229,363.627,133.722,4,1,2.6,1.7,169.72,-45.21,Diurnal,23.5,28.4
Oligosoma_suteri,Oviparous,Oligosoma_suteri,Oligosoma,Scincidae,84.8,36,-5.125,3.229,268.694,111.119,6,2,3.7,3.6,174.61,-35.86,Cathemeral,15,15
Oligosoma_zelandicum,Viviparous,Oligosoma_zelandicum,Oligosoma,Scincidae,55.5,26,-5.125,3.229,174.085,78.829,8,2,5.3,5,174.29,-40.36,Diurnal,25.2,25.2
Ophisaurus_attenuatus,Oviparous,Ophisaurus_attenuatus,Ophisaurus,Anguidae,234.9,58,-5.224,2.892,674.107,162.512,20,4,10.8,8.7,-89.83,34.36,Diurnal,30.6,32
Ophisops_elegans,Oviparous,Ophisops_elegans,Ophisops,Lacertidae,46.6,21.9,-4.543,2.951,132.974,60.084,8,1,4,3.1,41.5,35.95,Diurnal,29.5,33.1
Oplurus_cuvieri,Oviparous,Oplurus_cuvieri,Oplurus,Opluridae,129.1,45,-6.439,3.94,502.215,170.861,5,2,3.5,3.5,45.58,-18.42,Diurnal,36.2,36.4
Pachydactylus_capensis,Oviparous,Pachydactylus_capensis,Pachydactylus,Gekkonidae,62.3,22,-4.242,2.761,167.768,56.500,2,1,2,1.9,22.67,-25.14,Nocturnal,25.3,25.6
Pachydactylus_rangei,Oviparous,Pachydactylus_rangei,Pachydactylus,Gekkonidae,70.5,26,-4.242,2.761,190.409,67.544,2,2,2,2,14.7,-22.94,Nocturnal,14.9,15
Panaspis_wahlbergi,Oviparous,Panaspis_wahlbergi,Panaspis,Scincidae,43.2,15.6,-5.125,3.229,134.368,45.247,18,1,4.5,4,33.64,-8.92,Diurnal,33,33
Papuascincus_stanleyanus,Oviparous,Papuascincus_stanleyanus,Papuascincus,Scincidae,54,24,-5.125,3.229,169.241,72.371,2,2,2,2,142.65,-5.75,Diurnal,29,29
Paralaudakia_caucasia,Oviparous,Paralaudakia_caucasia,Paralaudakia,Agamidae,123.8,40.5,-4.686,3.105,379.713,121.067,14,3,11.7,7.2,54.95,36.2,Diurnal,29,29
Paralaudakia_lehmanni,Oviparous,Paralaudakia_lehmanni,Paralaudakia,Agamidae,120,36.7,-4.686,3.105,367.914,109.268,25,2,10,10,69.17,38.42,Diurnal,33.4,37
Pedioplanis_lineoocellata,Oviparous,Pedioplanis_lineoocellata,Pedioplanis,Lacertidae,60,19,-4.543,2.951,172.517,51.526,11,4,8.3,5.5,22.82,-26.88,Diurnal,36.7,38.4
Pedioplanis_namaquensis,Oviparous,Pedioplanis_namaquensis,Pedioplanis,Lacertidae,52.9,22,-4.543,2.951,151.565,60.379,6,3,4,3.8,20.06,-25.23,Diurnal,37.4,38.5
Petrosaurus_mearnsi,Oviparous,Petrosaurus_mearnsi,Petrosaurus,Phrynosomatidae,76,32.6,-3.855,2.677,199.597,83.415,6,2,4,4,-115.41,31.27,Diurnal,36,36
Petrosaurus_thalassinus,Oviparous,Petrosaurus_thalassinus,Petrosaurus,Phrynosomatidae,94.6,31.5,-3.855,2.677,249.389,80.471,20,4,8.6,8.6,-111.77,26.15,Diurnal,34.8,37.1
Phelsuma_madagascariensis,Oviparous,Phelsuma_madagascariensis,Phelsuma,Gekkonidae,86.2,30,-4.242,2.761,233.756,78.588,2,1,2,1.8,48.75,-18.67,Diurnal,29.9,33.2
Phoenicolacerta_laevis,Oviparous,Phoenicolacerta_laevis,Phoenicolacerta,Lacertidae,62.6,24.7,-4.543,2.951,180.190,68.347,8,2,6.1,4.5,35.74,35.36,Diurnal,32.5,32.5
Pholidoscelis_exsul,Oviparous,Pholidoscelis_exsul,Pholidoscelis,Teiidae,93.8,35.3,-4.747,3.11,286.971,105.036,7,1,3.4,2,-66.4,18.23,Diurnal,36.2,39.5
Pholidoscelis_fuscatus,Oviparous,Pholidoscelis_fuscatus,Pholidoscelis,Teiidae,117.5,51,-4.747,3.11,360.678,153.863,7,2,4,4,-61.36,15.43,Diurnal,35.8,36.1
Pholidoscelis_plei,Oviparous,Pholidoscelis_plei,Pholidoscelis,Teiidae,86.3,38,-4.747,3.11,263.646,113.433,7,1,3.1,2.1,-63.04,18.11,Diurnal,36.6,36.6
Phrynocephalus_helioscopus,Oviparous,Phrynocephalus_helioscopus,Phrynocephalus,Agamidae,48.3,24.4,-4.686,3.105,145.286,71.076,10,2,4.5,4.5,69.09,47.34,Diurnal,33.1,41
Phrynocephalus_interscapularis,Oviparous,Phrynocephalus_interscapularis,Phrynocephalus,Agamidae,31.5,21.5,-4.686,3.105,93.122,62.072,1,1,1,1,61.37,41.15,Diurnal,32.4,41
Phrynocephalus_przewalskii,Oviparous,Phrynocephalus_przewalskii,Phrynocephalus,Agamidae,58.1,26.7,-4.686,3.105,175.715,78.218,6,1,3.3,2.4,106.91,40.59,Diurnal,38.1,38.1
Phrynocephalus_theobaldi,Viviparous,Phrynocephalus_theobaldi,Phrynocephalus,Agamidae,51.8,25.3,-4.686,3.105,156.153,73.871,4,1,2.4,2,86.74,32.75,Diurnal,32,32
Phrynocephalus_vlangalii,Viviparous,Phrynocephalus_vlangalii,Phrynocephalus,Agamidae,59.5,24.4,-4.686,3.105,180.062,71.076,8,1,4,2.7,90.84,38.88,Diurnal,31.3,32
Phrynosoma_asio,Oviparous,Phrynosoma_asio,Phrynosoma,Phrynosomatidae,101.5,34.5,-3.855,2.677,267.861,88.502,25,10,16.9,16.9,-99.65,17.56,Diurnal,32.4,32.4
Phrynosoma_blainvillii,Oviparous,Phrynosoma_blainvillii,Phrynosoma,Phrynosomatidae,78.2,27,-3.855,2.677,205.486,68.424,21,6,15.5,15.5,-118.86,35.12,Diurnal,34.9,34.9
Phrynosoma_cornutum,Oviparous,Phrynosoma_cornutum,Phrynosoma,Phrynosomatidae,79.5,21,-3.855,2.677,208.967,52.362,50,10,37.3,18.5,-100.85,31.54,Diurnal,33.4,38.5
Phrynosoma_coronatum,Oviparous,Phrynosoma_coronatum,Phrynosoma,Phrynosomatidae,81.4,28,-3.855,2.677,214.053,71.101,49,6,12.6,11,-117.02,32.6,Diurnal,34.2,36.7
Phrynosoma_douglasii,Viviparous,Phrynosoma_douglasii,Phrynosoma,Phrynosomatidae,71.5,18.8,-3.855,2.677,187.551,46.473,36,3,24,6,-117.32,42.45,Diurnal,32.1,35.5
Phrynosoma_hernandesi,Viviparous,Phrynosoma_hernandesi,Phrynosoma,Phrynosomatidae,76.9,26,-3.855,2.677,202.006,65.747,48,5,20,16,-111.33,36.91,Diurnal,25,41
Phrynosoma_mcallii,Oviparous,Phrynosoma_mcallii,Phrynosoma,Phrynosomatidae,69,34,-3.855,2.677,180.858,87.163,10,2,5.4,4.5,-114.67,32.25,Diurnal,33.2,37.8
Phrynosoma_modestum,Oviparous,Phrynosoma_modestum,Phrynosoma,Phrynosomatidae,58.2,19,-3.855,2.677,151.946,47.008,19,6,13,9,-103.95,29.84,Cathemeral,20.9,37
Phrynosoma_orbiculare,Viviparous,Phrynosoma_orbiculare,Phrynosoma,Phrynosomatidae,71.6,24.2,-3.855,2.677,187.818,60.928,30,9,17,9.4,-103.03,23.63,Diurnal,32.5,37.9
Phrynosoma_platyrhinos,Oviparous,Phrynosoma_platyrhinos,Phrynosoma,Phrynosomatidae,79.9,26,-3.855,2.677,210.037,65.747,16,2,9,2,-115.34,37.79,Diurnal,34.2,36.8
Phrynosoma_solare,Oviparous,Phrynosoma_solare,Phrynosoma,Phrynosomatidae,96.2,30.5,-3.855,2.677,253.672,77.794,33,7,20.5,16.7,-109.82,29.18,Diurnal,34.7,34.7
Phyllodactylus_kofordi,Oviparous,Phyllodactylus_kofordi,Phyllodactylus,Phyllodactylidae,38.6,18,-4.482,2.945,109.195,48.528,1,1,1,1,-80.39,-5.06,Nocturnal,21.5,21.9
Phyllodactylus_lanei,Oviparous,Phyllodactylus_lanei,Phyllodactylus,Phyllodactylidae,63.8,26.2,-4.482,2.945,183.409,72.677,2,2,2,2,-103.04,19.57,Nocturnal,27.5,27.5
Phyllodactylus_microphyllus,Oviparous,Phyllodactylus_microphyllus,Phyllodactylus,Phyllodactylidae,46.5,23,-4.482,2.945,132.461,63.253,1,1,1,1,-79.13,-7.97,Nocturnal,20.3,26.1
Phyllodactylus_reissii,Oviparous,Phyllodactylus_reissii,Phyllodactylus,Phyllodactylidae,64.1,23,-4.482,2.945,184.293,63.253,2,1,2,1.7,-79.16,-5.5,Nocturnal,20.3,24.4
Phyllodactylus_tuberculosus,Oviparous,Phyllodactylus_tuberculosus,Phyllodactylus,Phyllodactylidae,76.7,23,-4.482,2.945,221.400,63.253,2,1,2,1.7,-95.3,16.78,Nocturnal,22.7,22.7
Phyllopezus_periosus,Oviparous,Phyllopezus_periosus,Phyllopezus,Phyllodactylidae,109.4,42,-4.482,2.945,317.701,119.208,2,2,2,2,-37.53,-7.18,Nocturnal,29.4,29.4
Phyllopezus_pollicaris,Oviparous,Phyllopezus_pollicaris,Phyllopezus,Phyllodactylidae,70.8,30.3,-4.482,2.945,204.024,84.752,3,1,2,1.9,-49.07,-14.32,Cathemeral,24.4,30.4
Phymaturus_palluma,Viviparous,Phymaturus_palluma,Phymaturus,Liolaemidae,94.5,44.7,-4.678,3.097,287.989,133.758,5,1,4,1.5,-70.16,-34.57,Diurnal,32.3,34.2
Phymaturus_patagonicus,Viviparous,Phymaturus_patagonicus,Phymaturus,Liolaemidae,93.1,38.5,-4.678,3.097,283.653,114.557,2,2,2,2,-67.64,-43.59,Diurnal,26,35.4
Phymaturus_punae,Viviparous,Phymaturus_punae,Phymaturus,Liolaemidae,93.1,50.3,-4.678,3.097,283.653,151.101,2,1,1.5,1.5,-69.28,-29.41,Diurnal,27.6,29.8
Phymaturus_zapalensis,Viviparous,Phymaturus_zapalensis,Phymaturus,Liolaemidae,87.6,47.5,-4.678,3.097,266.619,142.430,3,1,1,1,-70.57,-39.6,Diurnal,25.6,33.8
Physignathus_cocincinus,Oviparous,Physignathus_cocincinus,Physignathus,Agamidae,156.9,41.5,-4.686,3.105,482.489,124.172,23,4,10.4,10.4,106.63,21.11,Diurnal,25.7,31
Pinoyscincus_jagori,Oviparous,Pinoyscincus_jagori,Pinoyscincus,Scincidae,75,30.9,-5.125,3.229,237.050,94.651,4,1,1.9,1.9,123.1,11.88,Diurnal,23.1,23.1
Platysaurus_intermedius,Oviparous,Platysaurus_intermedius,Platysaurus,Cordylidae,78,30.5,-4.207,2.471,188.531,71.159,2,1,2,2,30.2,-20.93,Diurnal,27.1,30.6
Plestiodon_copei,Viviparous,Plestiodon_copei,Plestiodon,Scincidae,67.5,24.7,-5.125,3.229,212.833,74.631,5,2,3.7,3.5,-99.3,19.26,Diurnal,28.7,28.7
Plestiodon_egregius,Oviparous,Plestiodon_egregius,Plestiodon,Scincidae,45.1,22.3,-5.125,3.229,140.503,66.882,9,1,4.8,4.8,-83.31,30.44,Diurnal,29.5,31.2
Plestiodon_elegans,Oviparous,Plestiodon_elegans,Plestiodon,Scincidae,75.2,26.5,-5.125,3.229,237.696,80.444,11,2,6.4,5.5,110.27,28.32,Diurnal,28.6,33.4
Plestiodon_fasciatus,Oviparous,Plestiodon_fasciatus,Plestiodon,Scincidae,66.3,24.5,-5.125,3.229,208.958,73.986,20,2,9.5,5.9,-86.69,36.62,Diurnal,31.5,35
Plestiodon_gilberti,Oviparous,Plestiodon_gilberti,Plestiodon,Scincidae,79.5,32.5,-5.125,3.229,251.581,99.818,9,3,6.3,6.3,-118.07,35.77,Diurnal,26.7,31.6
Plestiodon_laticeps,Oviparous,Plestiodon_laticeps,Plestiodon,Scincidae,96.5,29.2,-5.125,3.229,306.474,89.162,19,5,13.7,6.5,-87.33,34.72,Diurnal,29.3,33.7
Plestiodon_latiscutatus,Oviparous,Plestiodon_latiscutatus,Plestiodon,Scincidae,75.7,28.7,-5.125,3.229,239.310,87.547,10,6,9.4,6.5,139,34.95,Diurnal,29.8,29.8
Plestiodon_obsoletus,Oviparous,Plestiodon_obsoletus,Plestiodon,Scincidae,112.6,37.5,-5.125,3.229,358.460,115.963,32,5,15.2,10.2,-102.09,32.86,Diurnal,31.8,34.2
Plestiodon_septentrionalis,Oviparous,Plestiodon_septentrionalis,Plestiodon,Scincidae,72.3,24,-5.125,3.229,228.332,72.371,18,4,14.7,6.6,-96.18,39.11,Diurnal,28.5,29.9
Plestiodon_skiltonianus,Oviparous,Plestiodon_skiltonianus,Plestiodon,Scincidae,70.9,26,-5.125,3.229,223.811,78.829,10,2,5.8,4,-117.58,41.94,Diurnal,25.2,30
Plestiodon_tetragrammus,Oviparous,Plestiodon_tetragrammus,Plestiodon,Scincidae,54,23,-5.125,3.229,169.241,69.142,12,3,8.5,8.5,-100.17,28.52,Diurnal,28,28
Plica_plica,Oviparous,Plica_plica,Plica,Tropiduridae,131.3,44.7,-3.884,2.719,353.121,117.655,5,1,4.2,2,-64.19,-3.19,Diurnal,29.1,30.7
Plica_umbra,Oviparous,Plica_umbra,Plica,Tropiduridae,85,37,-3.884,2.719,227.231,96.719,4,1,2.2,1.8,-63.04,-4.08,Diurnal,28.2,29.1
Podarcis_bocagei,Oviparous,Podarcis_bocagei,Podarcis,Lacertidae,52.7,22.9,-4.543,2.951,150.975,63.035,9,1,4.8,2,-6.85,42.58,Diurnal,32.3,32.3
Podarcis_erhardii,Oviparous,Podarcis_erhardii,Podarcis,Lacertidae,61.4,28.9,-4.543,2.951,176.648,80.741,7,1,2.6,2.4,22.35,40.15,Diurnal,32.4,34.5
Podarcis_gaigeae,Oviparous,Podarcis_gaigeae,Podarcis,Lacertidae,61.7,28.4,-4.543,2.951,177.534,79.265,5,1,3,1.9,24.55,38.87,Diurnal,32.3,32.9
Podarcis_hispanicus,Oviparous,Podarcis_hispanicus,Podarcis,Lacertidae,53,24.5,-4.543,2.951,151.860,67.757,5,1,3.6,2.1,-3.59,40.7,Diurnal,28,35.8
Podarcis_lilfordi,Oviparous,Podarcis_lilfordi,Podarcis,Lacertidae,59.4,31.4,-4.543,2.951,170.746,88.118,4,1,2.5,2.5,3.14,39.67,Diurnal,33,36.2
Podarcis_liolepis,Oviparous,Podarcis_liolepis,Podarcis,Lacertidae,58.5,25.5,-4.543,2.951,168.091,70.708,5,1,3.1,2.5,-0.38,41.94,Diurnal,34.2,34.2
Podarcis_melisellensis,Oviparous,Podarcis_melisellensis,Podarcis,Lacertidae,59.4,24.5,-4.543,2.951,170.746,67.757,8,2,4.9,3.6,16.62,43.69,Diurnal,29.1,35.8
Podarcis_milensis,Oviparous,Podarcis_milensis,Podarcis,Lacertidae,55.2,25.1,-4.543,2.951,158.352,69.527,4,1,1.7,1.7,24.45,36.74,Diurnal,31.3,34.6
Podarcis_muralis,Oviparous,Podarcis_muralis,Podarcis,Lacertidae,63.8,24.5,-4.543,2.951,183.731,67.757,13,1,6.3,3.6,12.81,44.65,Diurnal,28.3,36.1
Podarcis_peloponnesiacus,Oviparous,Podarcis_peloponnesiacus,Podarcis,Lacertidae,71.9,28.2,-4.543,2.951,207.634,78.675,6,1,3.5,3.4,22.28,37.5,Diurnal,30.7,35.3
Podarcis_pityusensis,Oviparous,Podarcis_pityusensis,Podarcis,Lacertidae,57.5,29,-4.543,2.951,165.140,81.036,6,1,3,2.3,1.25,39.14,Diurnal,32.6,35.8
Podarcis_siculus,Oviparous,Podarcis_siculus,Podarcis,Lacertidae,61.9,29,-4.543,2.951,178.124,81.036,12,2,7.2,4.6,12.6,42.27,Diurnal,30.2,36.3
Podarcis_tauricus,Oviparous,Podarcis_tauricus,Podarcis,Lacertidae,62.1,29.4,-4.543,2.951,178.714,82.216,10,2,5.8,3.8,25.04,43.28,Diurnal,25.6,34.2
Pogona_barbata,Oviparous,Pogona_barbata,Pogona,Agamidae,158.1,36,-4.686,3.105,486.215,107.094,50,6,20.5,13,146.58,-29.36,Diurnal,27.5,35.7
Pogona_minor,Oviparous,Pogona_minor,Pogona,Agamidae,108.8,38.5,-4.686,3.105,333.138,114.857,19,2,8.5,4.5,122.89,-27.19,Diurnal,33.1,35
Pogona_vitticeps,Oviparous,Pogona_vitticeps,Pogona,Agamidae,152.6,40,-4.686,3.105,469.137,119.514,68,4,28,13.5,140.18,-28.05,Diurnal,32.3,36.9
Polychrus_acutirostris,Oviparous,Polychrus_acutirostris,Polychrus,Polychrotidae,116.3,37.5,-5.033,3.243,372.128,116.580,31,4,22,4.5,-51.85,-13.83,Diurnal,35,35
Polychrus_marmoratus,Oviparous,Polychrus_marmoratus,Polychrus,Polychrotidae,121.9,42,-5.033,3.243,390.289,131.173,16,4,8.7,7.5,-62.02,-3.53,Diurnal,29,29
Potamites_ecpleopus,Oviparous,Potamites_ecpleopus,Potamites,Gymnophthalmidae,58.2,23,-5.178,3.302,186.998,70.768,2,2,2,2,-68.36,-5.74,Diurnal,26.4,27.9
Potamites_juruazensis,Oviparous,Potamites_juruazensis,Potamites,Gymnophthalmidae,53.7,24,-5.178,3.302,172.139,74.070,2,2,2,2,-73.81,-9.97,Diurnal,26.1,26.4
Proctoporus_sucullucu,Oviparous,Proctoporus_sucullucu,Proctoporus,Gymnophthalmidae,46.1,24.3,-5.178,3.302,147.044,75.061,2,2,2,2,-72.1,-13.62,Diurnal,22.6,22.6
Proctoporus_unsaacae,Oviparous,Proctoporus_unsaacae,Proctoporus,Gymnophthalmidae,43,20.7,-5.178,3.302,136.808,63.173,2,2,2,2,-72.32,-13.29,Diurnal,23.1,23.1
Psammodromus_algirus,Oviparous,Psammodromus_algirus,Psammodromus,Lacertidae,68.3,27.5,-4.543,2.951,197.010,76.610,11,1,7.1,3.6,-2.28,37.1,Diurnal,30.1,35.4
Psammodromus_hispanicus,Oviparous,Psammodromus_hispanicus,Psammodromus,Lacertidae,48.4,21,-4.543,2.951,138.285,57.428,6,1,3.6,2.9,-3.23,39.58,Diurnal,28.9,32.6
Pseudemoia_entrecasteauxii,Mixed,Pseudemoia_entrecasteauxii,Pseudemoia,Scincidae,53.1,23.5,-5.125,3.229,166.335,70.757,8,1,5,3.1,145.33,-37.67,Diurnal,29.8,33.9
Pseudemoia_spenceri,Viviparous,Pseudemoia_spenceri,Pseudemoia,Scincidae,56.7,27,-5.125,3.229,177.959,82.058,4,1,2.5,1.7,147.19,-36.56,Diurnal,31.6,31.9
Pseudocordylus_melanotus,Viviparous,Pseudocordylus_melanotus,Pseudocordylus,Cordylidae,103.7,38.5,-4.207,2.471,252.036,90.927,7,1,3.5,3.5,29.08,-28.16,Diurnal,26.3,28.9
Pseudopus_apodus,Oviparous,Pseudopus_apodus,Pseudopus,Anguidae,389.8,82.5,-5.224,2.892,1122.078,233.366,15,2,9.3,8,45.47,39.24,Diurnal,18.6,28.3
Pseudotrapelus_sinaitus,Oviparous,Pseudotrapelus_sinaitus,Pseudotrapelus,Agamidae,80.8,29,-4.686,3.105,246.198,85.359,9,4,5.3,3.6,36.79,27.02,Diurnal,31.4,39
Psychosaura_macrorhyncha,Viviparous,Psychosaura_macrorhyncha,Psychosaura,Scincidae,67.3,32.3,-5.125,3.229,212.187,99.172,6,1,4.7,2,-42.26,-16.96,Diurnal,30,33.8
Ptychoglossus_bicolor,Oviparous,Ptychoglossus_bicolor,Ptychoglossus,Gymnophthalmidae,55.9,27,-5.178,3.302,179.404,83.976,2,2,2,2,-74.97,4.13,Diurnal,22.6,24.3
Ptyodactylus_guttatus,Oviparous,Ptyodactylus_guttatus,Ptyodactylus,Phyllodactylidae,67.4,27.2,-4.482,2.945,194.011,75.622,2,1,2,2,34.35,30.11,Cathemeral,26.8,31.2
Ptyodactylus_hasselquistii,Oviparous,Ptyodactylus_hasselquistii,Ptyodactylus,Phyllodactylidae,69.6,31.5,-4.482,2.945,200.490,88.286,2,1,2,2,38.67,21.17,Cathemeral,25.3,34.7
Ptyodactylus_puiseuxi,Oviparous,Ptyodactylus_puiseuxi,Ptyodactylus,Phyllodactylidae,65.4,30.7,-4.482,2.945,188.121,85.930,2,1,2,1.8,36.63,32.74,Diurnal,31.2,31.5
Pygopus_nigriceps,Oviparous,Pygopus_nigriceps,Pygopus,Pygopodidae,173,70.5,-2.039,1.371,235.144,94.617,2,1,2,1.5,133.96,-24.47,Nocturnal,24.7,24.9
Quedenfeldtia_trachyblepharus,Oviparous,Quedenfeldtia_trachyblepharus,Quedenfeldtia,Sphaerodactylidae,42.8,20.5,-4.558,2.97,122.558,56.327,2,1,1,1,-7.7,31.05,Diurnal,26.7,31.4
Rankinia_diemensis,Oviparous,Rankinia_diemensis,Rankinia,Agamidae,65.2,25,-4.686,3.105,197.760,72.939,10,2,6.6,4.2,148.24,-36.46,Diurnal,32,32
Rhynchoedura_ornata,Oviparous,Rhynchoedura_ornata,Rhynchoedura,Diplodactylidae,49.6,24,-4.804,3.057,146.823,68.564,2,1,2,2,124.64,-24.85,Nocturnal,27.4,34
Saiphos_equalis,Mixed,Saiphos_equalis,Saiphos,Scincidae,74.8,24,-5.125,3.229,236.404,72.371,7,1,3.1,2.7,151.84,-30.82,Nocturnal,16.3,19.7
Sauromalus_ater,Oviparous,Sauromalus_ater,Sauromalus,Iguanidae,165,52.5,-4.298,2.972,486.082,151.732,16,3,8.6,6.9,-113.79,33.45,Diurnal,35.9,38.3
Sauromalus_varius,Oviparous,Sauromalus_varius,Sauromalus,Iguanidae,299.5,75,-4.298,2.972,885.816,218.602,36,9,23.4,18.3,-112.35,28.44,Diurnal,36,36
Sceloporus_aeneus,Oviparous,Sceloporus_aeneus,Sceloporus,Phrynosomatidae,48.7,23,-3.855,2.677,126.515,57.716,12,2,8.1,5.2,-99.75,19.59,Diurnal,28.3,34.5
Sceloporus_bimaculosus,Oviparous,Sceloporus_bimaculosus,Sceloporus,Phrynosomatidae,91.5,35,-3.855,2.677,241.091,89.840,19,2,7,6,-104.85,30.25,Diurnal,33,35
Sceloporus_clarkii,Oviparous,Sceloporus_clarkii,Sceloporus,Phrynosomatidae,92.3,30.5,-3.855,2.677,243.232,77.794,28,1,19.6,8,-109.23,29.31,Diurnal,33.7,34
Sceloporus_consobrinus,Oviparous,Sceloporus_consobrinus,Sceloporus,Phrynosomatidae,60.6,22,-3.855,2.677,158.371,55.039,15,3,9.9,5,-102.4,30.47,Diurnal,34,35.8
Sceloporus_cowlesi,Oviparous,Sceloporus_cowlesi,Sceloporus,Phrynosomatidae,62.2,23,-3.855,2.677,162.654,57.716,12,4,9.9,8.3,-106.69,32.36,Diurnal,34.2,35
Sceloporus_formosus,Viviparous,Sceloporus_formosus,Sceloporus,Phrynosomatidae,69.7,28.9,-3.855,2.677,182.732,73.510,18,2,8.6,5.6,-97.74,17.85,Diurnal,30.6,30.6
Sceloporus_gadoviae,Oviparous,Sceloporus_gadoviae,Sceloporus,Phrynosomatidae,52.2,24.5,-3.855,2.677,135.884,61.732,5,1,3.9,3.6,-99.35,18.39,Diurnal,31.5,35.1
Sceloporus_graciosus,Oviparous,Sceloporus_graciosus,Sceloporus,Phrynosomatidae,55,25,-3.855,2.677,143.380,63.070,10,1,8.4,2.4,-114.09,40.72,Diurnal,30.9,37.5
Sceloporus_grammicus,Viviparous,Sceloporus_grammicus,Sceloporus,Phrynosomatidae,49.7,21,-3.855,2.677,129.192,52.362,17,2,6.2,3.3,-101.86,23.6,Diurnal,31.2,35.7
Sceloporus_horridus,Oviparous,Sceloporus_horridus,Sceloporus,Phrynosomatidae,84.1,27.5,-3.855,2.677,221.281,69.763,27,4,14.8,9,-103.82,21.35,Diurnal,35.7,37.5
Sceloporus_jarrovii,Viviparous,Sceloporus_jarrovii,Sceloporus,Phrynosomatidae,73.4,28.5,-3.855,2.677,192.637,72.440,16,2,8.4,5,-105.13,26.15,Diurnal,29.3,35.4
Sceloporus_magister,Oviparous,Sceloporus_magister,Sceloporus,Phrynosomatidae,93.3,32.5,-3.855,2.677,245.909,83.148,19,2,12.4,6.2,-110.04,31.57,Diurnal,32.8,36.8
Sceloporus_malachiticus,Viviparous,Sceloporus_malachiticus,Sceloporus,Phrynosomatidae,70.2,28,-3.855,2.677,184.070,71.101,10,2,6,4.5,-87.4,13.52,Diurnal,28.6,33.3
Sceloporus_merriami,Oviparous,Sceloporus_merriami,Sceloporus,Phrynosomatidae,47.7,22,-3.855,2.677,123.838,55.039,7,2,4.5,3.7,-102.83,28.74,Diurnal,32.2,37
Sceloporus_mucronatus,Viviparous,Sceloporus_mucronatus,Sceloporus,Phrynosomatidae,81.9,27.5,-3.855,2.677,215.391,69.763,13,2,6.5,2.9,-98.3,18.52,Diurnal,29,31.5
Sceloporus_occidentalis,Oviparous,Sceloporus_occidentalis,Sceloporus,Phrynosomatidae,72.9,24,-3.855,2.677,191.298,60.393,17,3,13.7,6.5,-118.4,40.31,Diurnal,30.4,35.9
Sceloporus_ochoterenae,Oviparous,Sceloporus_ochoterenae,Sceloporus,Phrynosomatidae,45.3,22,-3.855,2.677,117.413,55.039,9,3,8.3,4.2,-99.28,18.35,Diurnal,33.7,34.1
Sceloporus_olivaceus,Oviparous,Sceloporus_olivaceus,Sceloporus,Phrynosomatidae,90.9,24.4,-3.855,2.677,239.484,61.464,34,8,24.5,11.3,-99.16,28.8,Diurnal,31,36.5
Sceloporus_orcutti,Oviparous,Sceloporus_orcutti,Sceloporus,Phrynosomatidae,90.9,32.5,-3.855,2.677,239.484,83.148,15,3,11,9.2,-114.43,29.63,Diurnal,26.8,35.9
Sceloporus_poinsettii,Viviparous,Sceloporus_poinsettii,Sceloporus,Phrynosomatidae,97.4,32,-3.855,2.677,256.885,81.809,23,4,13.6,8.3,-103.91,28.04,Diurnal,30,34.2
Sceloporus_scalaris,Mixed,Sceloporus_scalaris,Sceloporus,Phrynosomatidae,55.2,20,-3.855,2.677,143.915,49.685,15,3,10.6,5.8,-102.35,22.48,Diurnal,31.1,35.8
Sceloporus_siniferus,Oviparous,Sceloporus_siniferus,Sceloporus,Phrynosomatidae,49.1,26,-3.855,2.677,127.586,65.747,9,2,6,4.9,-97.81,17.07,Diurnal,36.2,36.2
Sceloporus_slevini,Oviparous,Sceloporus_slevini,Sceloporus,Phrynosomatidae,48.5,20,-3.855,2.677,125.980,49.685,14,3,8.5,8.5,-107.55,28.38,Diurnal,31,32.6
Sceloporus_spinosus,Oviparous,Sceloporus_spinosus,Sceloporus,Phrynosomatidae,82.3,26.7,-3.855,2.677,216.462,67.621,31,6,18.5,9.2,-100.3,21.31,Diurnal,33.5,33.5
Sceloporus_torquatus,Viviparous,Sceloporus_torquatus,Sceloporus,Phrynosomatidae,91.4,28.2,-3.855,2.677,240.823,71.636,17,3,9.7,6.4,-101.45,21.69,Diurnal,33,33
Sceloporus_tristichus,Oviparous,Sceloporus_tristichus,Sceloporus,Phrynosomatidae,63.9,24,-3.855,2.677,167.205,60.393,12,5,7.2,7.2,-109.23,34.96,Diurnal,33,33
Sceloporus_undulatus,Oviparous,Sceloporus_undulatus,Sceloporus,Phrynosomatidae,62.5,24.5,-3.855,2.677,163.458,61.732,17,3,14,4.3,-95.83,34.64,Diurnal,27.9,37
Sceloporus_variabilis,Oviparous,Sceloporus_variabilis,Sceloporus,Phrynosomatidae,54.2,25.3,-3.855,2.677,141.238,63.873,7,1,4.7,3,-95.01,20.79,Diurnal,28.9,36.9
Sceloporus_virgatus,Oviparous,Sceloporus_virgatus,Sceloporus,Phrynosomatidae,55,21.5,-3.855,2.677,143.380,53.701,18,3,10.2,9.5,-108.21,28.94,Diurnal,33,35
Sceloporus_woodi,Oviparous,Sceloporus_woodi,Sceloporus,Phrynosomatidae,55,21,-3.855,2.677,143.380,52.362,8,2,5.5,4.1,-81.21,27.87,Diurnal,36.2,36.2
Scincella_cherriei,Oviparous,Scincella_cherriei,Scincella,Scincidae,52.9,20.5,-5.125,3.229,165.689,61.070,4,1,3,2,-88.61,15.85,Diurnal,26,28
Scincella_lateralis,Oviparous,Scincella_lateralis,Scincella,Scincidae,45.2,19.5,-5.125,3.229,140.826,57.841,7,1,3.8,2.4,-89.34,33.9,Diurnal,28.5,29.2
Scincella_modesta,Oviparous,Scincella_modesta,Scincella,Scincidae,51.7,17.9,-5.125,3.229,161.814,52.674,16,2,9.1,6,113.95,27.61,Diurnal,28.5,28.5
Sitana_ponticeriana,Oviparous,Sitana_ponticeriana,Sitana,Agamidae,52,15,-4.686,3.105,156.774,41.889,23,4,17.4,11.2,79.76,10.42,Diurnal,34.3,34.5
Sphaerodactylus_roosevelti,Oviparous,Sphaerodactylus_roosevelti,Sphaerodactylus,Sphaerodactylidae,35,19.5,-4.558,2.97,99.392,53.357,1,1,1,1,-66.83,17.99,Nocturnal,32.8,32.8
Sphaerodactylus_townsendi,Oviparous,Sphaerodactylus_townsendi,Sphaerodactylus,Sphaerodactylidae,25.8,12.5,-4.558,2.97,72.068,32.567,1,1,1,1,-66.01,18.1,Diurnal,31,31
Sphenomorphus_maculatus,Oviparous,Sphenomorphus_maculatus,Sphenomorphus,Scincidae,56.3,30,-5.125,3.229,176.668,91.745,6,2,4,3.7,97.69,21.11,Diurnal,32.1,32.1
Stellagama_stellio,Oviparous,Stellagama_stellio,Stellagama,Agamidae,105.8,31,-4.686,3.105,323.823,91.569,20,3,10.2,7.7,35.38,34.05,Diurnal,32,36
Stenocercus_guentheri,Oviparous,Stenocercus_guentheri,Stenocercus,Tropiduridae,63.8,20,-3.884,2.719,169.588,50.496,2,2,2,2,-78.34,-0.36,Diurnal,31.9,31.9
Stenodactylus_doriae,Oviparous,Stenodactylus_doriae,Stenodactylus,Gekkonidae,63.2,28,-4.242,2.761,170.253,73.066,2,1,2,1.6,46.44,23.69,Nocturnal,18.2,28.2
Stenodactylus_petrii,Oviparous,Stenodactylus_petrii,Stenodactylus,Gekkonidae,58.1,28,-4.242,2.761,156.172,73.066,2,2,2,2,13.12,22.86,Nocturnal,20.6,20.6
Stenodactylus_sthenodactylus,Oviparous,Stenodactylus_sthenodactylus,Stenodactylus,Gekkonidae,49.1,21.5,-4.242,2.761,131.323,55.120,2,1,2,2,15.08,21.65,Nocturnal,21.4,21.4
Strophurus_ciliaris,Oviparous,Strophurus_ciliaris,Strophurus,Diplodactylidae,75.6,30.1,-4.804,3.057,226.305,87.212,2,2,2,2,131.68,-22.32,Nocturnal,25.4,27
Strophurus_elderi,Oviparous,Strophurus_elderi,Strophurus,Diplodactylidae,45,19.1,-4.804,3.057,132.761,53.585,2,1,2,1.8,129.36,-25.91,Nocturnal,26.2,28.2
Strophurus_michaelseni,Oviparous,Strophurus_michaelseni,Strophurus,Diplodactylidae,56,29.3,-4.804,3.057,166.388,84.766,2,2,2,2,115.24,-28.73,Nocturnal,42.6,42.6
Strophurus_spinigerus,Oviparous,Strophurus_spinigerus,Strophurus,Diplodactylidae,60.9,22.5,-4.804,3.057,181.367,63.979,2,1,2,2,117.68,-31.72,Nocturnal,16,23.1
Strophurus_strophurus,Oviparous,Strophurus_strophurus,Strophurus,Diplodactylidae,69.1,27.5,-4.804,3.057,206.435,79.264,2,1,2,2,120.37,-25.69,Nocturnal,25.3,25.3
Takydromus_septentrionalis,Oviparous,Takydromus_septentrionalis,Takydromus,Lacertidae,60.7,24.6,-4.543,2.951,174.583,68.052,6,1,3.5,3.1,113.52,31.26,Diurnal,28.3,32.4
Takydromus_sexlineatus,Oviparous,Takydromus_sexlineatus,Takydromus,Lacertidae,55.8,19,-4.543,2.951,160.123,51.526,5,1,2.2,2.2,104.95,13.91,Diurnal,31.6,31.6
Tarentola_mauritanica,Oviparous,Tarentola_mauritanica,Tarentola,Phyllodactylidae,52.8,20,-4.482,2.945,151.014,54.418,3,1,2,2,4.64,36.68,Cathemeral,15,30.2
Teira_dugesii,Oviparous,Teira_dugesii,Teira,Lacertidae,60.9,30.8,-4.543,2.951,175.173,86.348,5,1,2.6,2.4,-16.95,32.76,Diurnal,33.8,33.8
Teius_oculatus,Oviparous,Teius_oculatus,Teius,Teiidae,98.4,37.4,-4.747,3.11,301.277,111.567,8,2,5.2,4.5,-58.2,-31.7,Diurnal,38.6,38.6
Teratoscincus_scincus,Oviparous,Teratoscincus_scincus,Teratoscincus,Sphaerodactylidae,77.2,39.5,-4.558,2.97,224.726,112.757,2,1,2,2,63.76,41.85,Nocturnal,19,19
Thecadactylus_rapicauda,Oviparous,Thecadactylus_rapicauda,Thecadactylus,Phyllodactylidae,110.1,34.4,-4.482,2.945,319.763,96.826,2,1,1,1,-65.41,-0.1,Nocturnal,26.2,27.7
Thecadactylus_solimoensis,Oviparous,Thecadactylus_solimoensis,Thecadactylus,Phyllodactylidae,103.9,41,-4.482,2.945,301.504,116.263,1,1,1,1,-68.86,-5.65,Nocturnal,26.4,26.4
Tiliqua_multifasciata,Viviparous,Tiliqua_multifasciata,Tiliqua,Scincidae,233.6,70,-5.125,3.229,749.169,220.905,10,2,4.4,4,130.17,-22.07,Cathemeral,32.4,34.3
Tiliqua_nigrolutea,Viviparous,Tiliqua_nigrolutea,Tiliqua,Scincidae,287.5,105,-5.125,3.229,923.213,333.920,15,1,11.5,2.5,146.14,-37.14,Diurnal,34.8,34.8
Tiliqua_occipitalis,Viviparous,Tiliqua_occipitalis,Tiliqua,Scincidae,272.7,102.5,-5.125,3.229,875.423,325.848,10,2,5,5,130.62,-30.27,Diurnal,32.7,33.7
Tiliqua_rugosa,Viviparous,Tiliqua_rugosa,Tiliqua,Scincidae,260,139,-5.125,3.229,834.415,443.706,4,1,2.8,1.3,138.93,-30.63,Diurnal,31.9,35.3
Tiliqua_scincoides,Viviparous,Tiliqua_scincoides,Tiliqua,Scincidae,312.5,89.2,-5.125,3.229,1003.938,282.902,25,1,12,10,141.44,-24.12,Diurnal,31.9,34.4
Timon_lepidus,Oviparous,Timon_lepidus,Timon,Lacertidae,150,39.7,-4.543,2.951,438.107,112.612,25,2,16.9,10.5,-2.76,41.25,Diurnal,30.4,30.4
Trachydactylus_hajarensis,Oviparous,Trachydactylus_hajarensis,Trachydactylus,Gekkonidae,45,21,-4.242,2.761,120.003,53.739,2,1,1.4,1.4,57.34,23.08,Nocturnal,35,35
Trachylepis_maculilabris,Oviparous,Trachylepis_maculilabris,Trachylepis,Scincidae,72.2,24,-5.125,3.229,228.009,72.371,13,3,8.6,5.5,19.42,0.35,Diurnal,36.5,36.5
Trachylepis_occidentalis,Mixed,Trachylepis_occidentalis,Trachylepis,Scincidae,91,32,-5.125,3.229,288.714,98.203,7,4,6.7,4,18.39,-25.64,Diurnal,35.9,36.3
Trachylepis_quinquetaeniata,Oviparous,Trachylepis_quinquetaeniata,Trachylepis,Scincidae,81.7,31.8,-5.125,3.229,258.684,97.557,15,2,4.8,4.8,18.22,10.93,Diurnal,35.3,35.3
Trachylepis_sparsa,Viviparous,Trachylepis_sparsa,Trachylepis,Scincidae,83.3,28,-5.125,3.229,263.851,85.287,9,3,5.4,4.9,19.6,-27.01,Diurnal,34.1,34.5
Trachylepis_spilogaster,Viviparous,Trachylepis_spilogaster,Trachylepis,Scincidae,75.4,25.5,-5.125,3.229,238.342,77.215,9,2,5.5,4.2,18.41,-24.28,Diurnal,33.9,34.7
Trachylepis_striata,Viviparous,Trachylepis_striata,Trachylepis,Scincidae,81.4,28,-5.125,3.229,257.716,85.287,20,2,9.8,3.6,29.94,-8.35,Diurnal,33.7,39.4
Trachylepis_varia,Mixed,Trachylepis_varia,Trachylepis,Scincidae,59.9,21.5,-5.125,3.229,188.292,64.299,14,1,9.1,5.6,29.01,-11.14,Diurnal,28.1,28.1
Trachylepis_variegata,Viviparous,Trachylepis_variegata,Trachylepis,Scincidae,40.9,19,-5.125,3.229,126.941,56.226,12,1,2.8,1.8,19.18,-28.03,Diurnal,33.6,34.5
Trapelus_agnetae,Oviparous,Trapelus_agnetae,Trapelus,Agamidae,75.2,28.5,-4.686,3.105,228.810,83.807,12,1,10,9.4,42.06,29.22,Diurnal,35.6,38.5
Trapelus_sanguinolentus,Oviparous,Trapelus_sanguinolentus,Trapelus,Agamidae,84.5,34.5,-4.686,3.105,257.687,102.437,18,3,8,7,64.56,42.52,Diurnal,35.4,35.4
Trapelus_savignii,Oviparous,Trapelus_savignii,Trapelus,Agamidae,79.2,31.4,-4.686,3.105,241.230,92.811,9,2,6.3,4,33.25,30.54,Diurnal,34.8,37.9
Trioceros_hoehnelii,Viviparous,Trioceros_hoehnelii,Trioceros,Chamaeleonidae,80,26.5,-3.997,2.68,210.403,67.023,25,4,13.7,9.7,36,-0.03,Diurnal,21.2,32.5
Trioceros_jacksonii,Viviparous,Trioceros_jacksonii,Trioceros,Chamaeleonidae,107.3,28.5,-3.997,2.68,283.567,72.383,57,5,21.7,12.2,37.15,-1,Diurnal,30.4,30.4
Trogonophis_wiegmanni,Viviparous,Trogonophis_wiegmanni,Trogonophis,Trogonophiidae,146.6,70.8,-5.858,2.943,425.586,202.506,5,2,5,5,-0.91,34.22,Cathemeral,22,22
Tropidurus_etheridgei,Oviparous,Tropidurus_etheridgei,Tropidurus,Tropiduridae,61.6,26.5,-3.884,2.719,163.606,68.170,9,3,6.3,4.3,-61.73,-20.61,Diurnal,35.8,35.8
Tropidurus_hispidus,Oviparous,Tropidurus_hispidus,Tropidurus,Tropiduridae,83.8,28.1,-3.884,2.719,223.968,72.520,14,1,8.1,5.6,-51.5,-2.61,Diurnal,32.2,36
Tropidurus_montanus,Oviparous,Tropidurus_montanus,Tropidurus,Tropiduridae,72.3,29.3,-3.884,2.719,192.700,75.783,6,1,3.5,3.5,-43.2,-16.98,Diurnal,31.7,34.7
Tropidurus_semitaeniatus,Oviparous,Tropidurus_semitaeniatus,Tropidurus,Tropiduridae,69.6,19,-3.884,2.719,185.358,47.777,3,1,2.4,1.6,-40.38,-9.25,Diurnal,37.1,37.1
Tropidurus_spinulosus,Oviparous,Tropidurus_spinulosus,Tropidurus,Tropiduridae,90.2,32.5,-3.884,2.719,241.370,84.484,8,3,5.8,4,-61.3,-22.98,Diurnal,30.3,34.2
Tropidurus_torquatus,Oviparous,Tropidurus_torquatus,Tropidurus,Tropiduridae,75.5,26.1,-3.884,2.719,201.401,67.082,14,1,7.4,2,-49.17,-17.63,Diurnal,30.8,36.2
Tropiocolotes_nattereri,Oviparous,Tropiocolotes_nattereri,Tropiocolotes,Gekkonidae,25,14,-4.242,2.761,64.783,34.412,1,1,1,1,34.4,29.61,Nocturnal,31.8,31.8
Tupinambis_teguixin,Oviparous,Tupinambis_teguixin,Tupinambis,Teiidae,321,90,-4.747,3.11,993.563,275.153,32,2,21.4,2.5,-60.99,-4.69,Diurnal,32,35
Tympanocryptis_centralis,Oviparous,Tympanocryptis_centralis,Tympanocryptis,Agamidae,52.3,21.3,-4.686,3.105,157.706,61.451,15,3,7,7,133.17,-23.29,Diurnal,35.1,35.1
Tympanocryptis_lineata,Oviparous,Tympanocryptis_lineata,Tympanocryptis,Agamidae,53.8,22,-4.686,3.105,162.363,63.624,11,2,7.3,5.7,142.71,-29.47,Diurnal,35.1,37.7
Uma_cowlesi,Oviparous,Uma_cowlesi,Uma,Phrynosomatidae,73,35,-3.855,2.677,191.566,89.840,4,1,3,1.9,-113.28,31.43,Diurnal,38.2,39.7
Uma_exsul,Oviparous,Uma_exsul,Uma,Phrynosomatidae,65.3,33.5,-3.855,2.677,170.953,85.825,6,1,3,2.5,-103.19,25.72,Diurnal,35.1,38.7
Uma_notata,Oviparous,Uma_notata,Uma,Phrynosomatidae,79.5,37.5,-3.855,2.677,208.967,96.533,6,1,3,2,-113.74,30.32,Diurnal,38.3,40
Uma_paraphygas,Oviparous,Uma_paraphygas,Uma,Phrynosomatidae,63,29,-3.855,2.677,164.796,73.778,8,8,8,8,-103.69,26.88,Diurnal,35.5,39
Uma_scoparia,Oviparous,Uma_scoparia,Uma,Phrynosomatidae,86.7,39,-3.855,2.677,228.241,100.548,5,1,3.1,2.6,-115.89,34.69,Diurnal,35.7,37.8
Underwoodisaurus_milii,Oviparous,Underwoodisaurus_milii,Underwoodisaurus,Carphodactylidae,79.2,35.5,-3.445,2.353,182.913,80.087,2,1,2,2,138.57,-30.97,Nocturnal,17.6,19.4
Uracentron_azureum,Oviparous,Uracentron_azureum,Uracentron,Tropiduridae,73,31.5,-3.884,2.719,194.603,81.765,2,1,2,2,-62.47,-1.49,Diurnal,31.2,31.2
Uracentron_flaviceps,Oviparous,Uracentron_flaviceps,Uracentron,Tropiduridae,94.4,37,-3.884,2.719,252.790,96.719,2,1,2,2,-71.25,-4.87,Diurnal,31.2,31.2
Uranoscodon_superciliosus,Oviparous,Uranoscodon_superciliosus,Uranoscodon,Tropiduridae,128.4,36.5,-3.884,2.719,345.236,95.360,16,3,11.5,5.8,-60.36,-2.62,Diurnal,26.6,29.2
Uromastyx_acanthinura,Oviparous,Uromastyx_acanthinura,Uromastyx,Agamidae,215,50,-4.686,3.105,662.889,150.564,28,5,13,13,10.57,30.14,Diurnal,38,38
Uromastyx_aegyptia,Oviparous,Uromastyx_aegyptia,Uromastyx,Agamidae,318.3,59,-4.686,3.105,983.636,178.509,41,3,20.8,20.8,45.46,24.8,Diurnal,38.8,41.5
Uromastyx_ornata,Oviparous,Uromastyx_ornata,Uromastyx,Agamidae,152.8,49.5,-4.686,3.105,469.758,149.012,19,3,9,9,39.94,23.55,Diurnal,32.8,39.5
Urosaurus_bicarinatus,Oviparous,Urosaurus_bicarinatus,Urosaurus,Phrynosomatidae,44.6,22.5,-3.855,2.677,115.539,56.378,11,2,7.8,5.4,-102.26,20.27,Diurnal,32.6,32.6
Urosaurus_graciosus,Oviparous,Urosaurus_graciosus,Urosaurus,Phrynosomatidae,50.9,24.5,-3.855,2.677,132.404,61.732,10,2,5.3,3.6,-114.11,33.33,Diurnal,35.7,37.6
Urosaurus_nigricaudus,Oviparous,Urosaurus_nigricaudus,Urosaurus,Phrynosomatidae,44.4,22.1,-3.855,2.677,115.004,55.307,8,2,5,4,-113.57,28.34,Diurnal,32.9,36.8
Urosaurus_ornatus,Oviparous,Urosaurus_ornatus,Urosaurus,Phrynosomatidae,46.2,20.8,-3.855,2.677,119.822,51.827,16,2,10.9,3.9,-107.32,31.66,Diurnal,34.4,36.8
Uta_palmeri,Oviparous,Uta_palmeri,Uta,Phrynosomatidae,63.2,28.9,-3.855,2.677,165.331,73.510,5,1,2.8,2.8,-112.33,28.37,Diurnal,38,38
Uta_stansburiana,Oviparous,Uta_stansburiana,Uta,Phrynosomatidae,45.9,21.5,-3.855,2.677,119.019,53.701,9,1,5.3,2.3,-110.98,34.13,Diurnal,34,38
Varanus_albigularis,Oviparous,Varanus_albigularis,Varanus,Varanidae,518.3,117.7,-5.301,3.235,1671.400,375.459,51,2,40,24,28.46,-14.16,Diurnal,32.3,32.3
Varanus_bengalensis,Oviparous,Varanus_bengalensis,Varanus,Varanidae,387.5,87,-5.301,3.235,1248.262,276.144,42,5,21.1,19.3,80.37,23.36,Diurnal,31,37
Varanus_brevicaudus,Oviparous,Varanus_brevicaudus,Varanus,Varanidae,91.5,42.8,-5.301,3.235,290.702,133.157,8,1,3.5,2.3,125.81,-22.86,Diurnal,34.5,34.5
Varanus_caudolineatus,Oviparous,Varanus_caudolineatus,Varanus,Varanidae,97.5,48,-5.301,3.235,310.112,149.979,6,3,4.3,3.1,119.43,-25.52,Diurnal,37.3,37.8
Varanus_eremius,Oviparous,Varanus_eremius,Varanus,Varanidae,132.7,60.9,-5.301,3.235,423.984,191.711,6,2,4.1,3.6,127.06,-25.13,Diurnal,36.9,39
Varanus_exanthematicus,Oviparous,Varanus_exanthematicus,Varanus,Varanidae,342,79.8,-5.301,3.235,1101.069,252.852,50,6,20.1,18,11.8,10.67,Diurnal,31.5,36.5
Varanus_giganteus,Oviparous,Varanus_giganteus,Varanus,Varanidae,568.2,150.2,-5.301,3.235,1832.826,480.596,13,5,9.6,8.5,128.22,-24.86,Diurnal,36.1,38.2
Varanus_gilleni,Oviparous,Varanus_gilleni,Varanus,Varanidae,120.3,60.9,-5.301,3.235,383.870,191.711,7,1,5.3,3.3,130.74,-24.65,Diurnal,37.4,37.4
Varanus_gouldii,Oviparous,Varanus_gouldii,Varanus,Varanidae,298.8,86.7,-5.301,3.235,961.317,275.174,13,1,9.8,5.8,132.55,-25.47,Diurnal,24.5,38.5
Varanus_griseus,Oviparous,Varanus_griseus,Varanus,Varanidae,354.8,101.6,-5.301,3.235,1142.477,323.375,34,5,21,10.5,31.37,27.04,Diurnal,36.1,38.5
Varanus_indicus,Oviparous,Varanus_indicus,Varanus,Varanidae,319,107.5,-5.301,3.235,1026.664,342.462,10,2,10,5.7,140.48,-6.89,Diurnal,29.7,30.3
Varanus_komodoensis,Oviparous,Varanus_komodoensis,Varanus,Varanidae,1083.7,174.5,-5.301,3.235,3500.469,559.207,33,1,25.5,11.3,119.85,-8.6,Diurnal,32.5,38
Varanus_mertensi,Oviparous,Varanus_mertensi,Varanus,Varanidae,366,101.5,-5.301,3.235,1178.709,323.052,14,3,12.6,6.8,136.15,-16.81,Diurnal,32.7,34
Varanus_niloticus,Oviparous,Varanus_niloticus,Varanus,Varanidae,499.7,127.5,-5.301,3.235,1611.229,407.162,63,5,27.3,19.5,20.22,-0.62,Diurnal,28.8,32.7
Varanus_olivaceus,Oviparous,Varanus_olivaceus,Varanus,Varanidae,517.2,129.8,-5.301,3.235,1667.841,414.602,16,3,8.2,6,122.27,15.53,Diurnal,31.6,31.6
Varanus_panoptes,Oviparous,Varanus_panoptes,Varanus,Varanidae,399.9,110.5,-5.301,3.235,1288.376,352.167,14,3,11,6.6,130.59,-21.09,Diurnal,32.9,36.4
Varanus_rosenbergi,Oviparous,Varanus_rosenbergi,Varanus,Varanidae,320.4,111,-5.301,3.235,1031.193,353.784,19,4,12.5,4,127.69,-33.26,Diurnal,17.4,36.3
Varanus_salvator,Oviparous,Varanus_salvator,Varanus,Varanidae,499.5,124.5,-5.301,3.235,1610.582,397.457,40,1,17.1,4.2,103.08,12.89,Diurnal,27,32
Varanus_scalaris,Oviparous,Varanus_scalaris,Varanus,Varanidae,205.6,63,-5.301,3.235,659.815,198.504,12,3,7.7,4,136.56,-16.23,Diurnal,31.5,38.9
Varanus_tristis,Oviparous,Varanus_tristis,Varanus,Varanidae,231.2,69.5,-5.301,3.235,742.631,219.532,17,3,10.2,8,132.97,-23.3,Diurnal,31.8,36.5
Varanus_varius,Oviparous,Varanus_varius,Varanus,Varanidae,472.5,105,-5.301,3.235,1523.237,334.374,14,2,9.7,5.4,147.94,-30.14,Diurnal,34.2,35.5
Varzea_bistriata,Viviparous,Varzea_bistriata,Varzea,Scincidae,92.7,35.8,-5.125,3.229,294.203,110.473,9,2,4.7,4.7,-56.76,-6.02,Diurnal,32.9,32.9
Woodworthia_maculatus,Viviparous,Woodworthia_maculatus,Woodworthia,Diplodactylidae,62.4,29.5,-4.804,3.057,185.953,85.378,2,1,2,1.7,174.67,-41.02,Cathemeral,11.3,28
Xantusia_arizonae,Viviparous,Xantusia_arizonae,Xantusia,Xantusiidae,53,26,-4.796,3.048,156.748,74.452,2,1,1.8,1.6,-112.93,34.33,Cathemeral,25.3,25.3
Xantusia_extorris,Viviparous,Xantusia_extorris,Xantusia,Xantusiidae,37.5,22.5,-4.796,3.048,109.504,63.784,2,1,1.4,1.4,-103.64,25.28,Nocturnal,30.2,30.2
Xantusia_henshawi,Viviparous,Xantusia_henshawi,Xantusia,Xantusiidae,60.9,29.5,-4.796,3.048,180.827,85.120,2,1,2,1.5,-116.24,32.53,Cathemeral,20.5,25.4
Xantusia_riversiana,Viviparous,Xantusia_riversiana,Xantusia,Xantusiidae,83.2,32,-4.796,3.048,248.798,92.740,9,2,5.5,3.3,-118.78,33.01,Diurnal,18.7,28.3
Xantusia_vigilis,Viviparous,Xantusia_vigilis,Xantusia,Xantusiidae,42.1,22,-4.796,3.048,123.525,62.260,3,1,1.9,1.8,-115.65,34.25,Cathemeral,24.3,33.8
Xenosaurus_agrenon,Viviparous,Xenosaurus_agrenon,Xenosaurus,Xenosauridae,106,46,-5.833,3.571,372.693,158.433,5,1,3.2,2.7,-97.12,16.94,Diurnal,25.4,25.6
Xenosaurus_grandis,Viviparous,Xenosaurus_grandis,Xenosaurus,Xenosauridae,110.9,45,-5.833,3.571,390.191,154.862,8,1,5.7,2.1,-96.34,18.29,Diurnal,22.4,22.7
Xenosaurus_newmanorum,Viviparous,Xenosaurus_newmanorum,Xenosaurus,Xenosauridae,103.8,50,-5.833,3.571,364.837,172.717,4,1,2.6,2.4,-98.53,21.04,Diurnal,19.3,24.8
Xenosaurus_phalaroanthereon,Viviparous,Xenosaurus_phalaroanthereon,Xenosaurus,Xenosauridae,117.9,54.8,-5.833,3.571,415.188,189.858,4,1,2.3,2,-96.13,16.69,Cathemeral,20.3,20.3
Xenosaurus_platyceps,Viviparous,Xenosaurus_platyceps,Xenosaurus,Xenosauridae,105.8,50,-5.833,3.571,371.979,172.717,6,1,2.7,2,-99.47,23.2,Diurnal,17.5,24.6
Xenosaurus_rectocollaris,Viviparous,Xenosaurus_rectocollaris,Xenosaurus,Xenosauridae,97.5,46,-5.833,3.571,342.340,158.433,7,1,2.6,2.6,-97.39,18.33,Diurnal,22.6,23.2
Zootoca_vivipara,Mixed,Zootoca_vivipara,Zootoca,Lacertidae,61,18.5,-4.543,2.951,175.468,50.051,16,1,9.8,4.3,69.67,56.6,Diurnal,26.7,34.3
Zygaspis_quadrifrons,Oviparous,Zygaspis_quadrifrons,Zygaspis,Amphisbaenidae,168,67.5,-8.647,4.007,664.529,261.826,8,1,3.3,3.3,24.83,-18.25,Diurnal,23.8,23.8